<:ControlInfo:>,timestamp,unknown
598,2024-08-11 19:29:07,0
596,2024-08-11 19:31:07,0
674,2024-08-11 19:33:07,0
664,2024-08-11 19:35:07,0
700,2024-08-11 19:37:07,0
659,2024-08-11 19:39:07,0
581,2024-08-11 19:41:07,0
602,2024-08-11 19:43:07,0
663,2024-08-11 19:45:07,0
651,2024-08-11 19:47:07,0
654,2024-08-11 19:49:07,0
638,2024-08-11 19:51:07,0
602,2024-08-11 19:53:07,1
628,2024-08-11 19:55:07,2
627,2024-08-11 19:57:07,4
682,2024-08-11 19:59:07,1
714,2024-08-11 20:01:07,4
737,2024-08-11 20:03:07,0
750,2024-08-11 20:05:07,2
639,2024-08-11 20:07:07,3
620,2024-08-11 20:09:07,0
713,2024-08-11 20:11:07,0
665,2024-08-11 20:13:07,0
721,2024-08-11 20:15:07,0
721,2024-08-11 20:17:07,2
717,2024-08-11 20:19:07,1
680,2024-08-11 20:21:07,0
665,2024-08-11 20:23:07,0
666,2024-08-11 20:25:07,0
762,2024-08-11 20:27:07,0
702,2024-08-11 20:29:07,0
695,2024-08-11 20:31:07,0
780,2024-08-11 20:33:07,0
775,2024-08-11 20:35:07,0
741,2024-08-11 20:37:07,1
659,2024-08-11 20:39:07,0
723,2024-08-11 20:41:07,0
769,2024-08-11 20:43:07,0
724,2024-08-11 20:45:07,0
769,2024-08-11 20:47:07,0
720,2024-08-11 20:49:07,3
718,2024-08-11 20:51:07,3
640,2024-08-11 20:53:07,0
639,2024-08-11 20:55:07,2
701,2024-08-11 20:57:07,0
785,2024-08-11 20:59:07,2
781,2024-08-11 21:01:07,2
747,2024-08-11 21:03:07,1
764,2024-08-11 21:05:07,0
715,2024-08-11 21:07:07,2
671,2024-08-11 21:09:07,0
700,2024-08-11 21:11:07,0
727,2024-08-11 21:13:07,0
733,2024-08-11 21:15:07,0
737,2024-08-11 21:17:07,0
687,2024-08-11 21:19:07,0
749,2024-08-11 21:21:07,0
735,2024-08-11 21:23:07,1
777,2024-08-11 21:25:07,0
737,2024-08-11 21:27:07,2
623,2024-08-11 21:29:07,5
633,2024-08-11 21:31:07,0
727,2024-08-11 21:33:07,0
717,2024-08-11 21:35:07,0
704,2024-08-11 21:37:07,0
800,2024-08-11 21:39:07,0
794,2024-08-11 21:41:07,3
680,2024-08-11 21:43:07,0
715,2024-08-11 21:45:07,0
635,2024-08-11 21:47:07,0
679,2024-08-11 21:49:07,0
710,2024-08-11 21:51:07,0
716,2024-08-11 21:53:07,0
671,2024-08-11 21:55:07,0
710,2024-08-11 21:57:07,0
717,2024-08-11 21:59:07,4
699,2024-08-11 22:01:07,0
778,2024-08-11 22:03:07,0
752,2024-08-11 22:05:07,1
733,2024-08-11 22:07:07,0
651,2024-08-11 22:09:07,0
626,2024-08-11 22:11:07,0
703,2024-08-11 22:13:07,1
734,2024-08-11 22:15:07,0
694,2024-08-11 22:17:07,0
664,2024-08-11 22:19:07,0
761,2024-08-11 22:21:07,2
730,2024-08-11 22:23:07,6
684,2024-08-11 22:25:07,0
698,2024-08-11 22:27:07,0
620,2024-08-11 22:29:07,2
592,2024-08-11 22:31:07,0
600,2024-08-11 22:33:07,0
666,2024-08-11 22:35:07,1
629,2024-08-11 22:37:07,0
622,2024-08-11 22:39:07,2
622,2024-08-11 22:41:07,2
614,2024-08-11 22:43:07,0
619,2024-08-11 22:45:07,0
617,2024-08-11 22:47:07,0
628,2024-08-11 22:49:07,0
606,2024-08-11 22:51:07,2
580,2024-08-11 22:53:07,1
548,2024-08-11 22:55:07,0
545,2024-08-11 22:57:07,0
516,2024-08-11 22:59:07,1
580,2024-08-11 23:01:07,1
497,2024-08-11 23:03:07,2
514,2024-08-11 23:05:07,0
576,2024-08-11 23:07:07,0
542,2024-08-11 23:09:07,0
535,2024-08-11 23:11:07,0
471,2024-08-11 23:13:07,0
452,2024-08-11 23:15:07,0
456,2024-08-11 23:17:07,0
438,2024-08-11 23:19:07,0
466,2024-08-11 23:21:07,0
491,2024-08-11 23:23:07,0
474,2024-08-11 23:25:07,1
462,2024-08-11 23:27:07,0
440,2024-08-11 23:29:07,0
397,2024-08-11 23:31:07,0
379,2024-08-11 23:33:07,0
450,2024-08-11 23:35:07,2
464,2024-08-11 23:37:07,1
504,2024-08-11 23:39:07,0
505,2024-08-11 23:41:07,0
446,2024-08-11 23:43:07,0
434,2024-08-11 23:45:07,1
417,2024-08-11 23:47:07,0
369,2024-08-11 23:49:07,0
385,2024-08-11 23:51:07,0
396,2024-08-11 23:53:07,0
433,2024-08-11 23:55:07,0
398,2024-08-11 23:57:07,0
378,2024-08-11 23:59:07,0
422,2024-08-12 00:01:07,0
401,2024-08-12 00:03:07,1
380,2024-08-12 00:05:07,0
380,2024-08-12 00:07:07,0
433,2024-08-12 00:09:07,0
406,2024-08-12 00:11:07,0
395,2024-08-12 00:13:07,4
395,2024-08-12 00:15:07,0
367,2024-08-12 00:17:07,0
395,2024-08-12 00:19:07,0
289,2024-08-12 00:21:07,0
307,2024-08-12 00:23:07,0
333,2024-08-12 00:25:07,0
356,2024-08-12 00:27:07,0
386,2024-08-12 00:29:07,0
352,2024-08-12 00:31:07,0
296,2024-08-12 00:33:07,0
236,2024-08-12 00:35:07,0
264,2024-08-12 00:37:07,0
357,2024-08-12 00:39:07,0
324,2024-08-12 00:41:07,3
297,2024-08-12 00:43:07,0
246,2024-08-12 00:45:07,0
251,2024-08-12 00:47:07,1
259,2024-08-12 00:49:07,0
267,2024-08-12 00:51:07,0
287,2024-08-12 00:53:07,0
256,2024-08-12 00:55:07,0
205,2024-08-12 00:57:07,1
233,2024-08-12 00:59:07,0
273,2024-08-12 01:01:07,0
247,2024-08-12 01:03:07,0
197,2024-08-12 01:05:07,0
227,2024-08-12 01:07:07,0
230,2024-08-12 01:09:07,0
251,2024-08-12 01:11:07,0
208,2024-08-12 01:13:07,0
186,2024-08-12 01:15:07,0
180,2024-08-12 01:17:07,0
230,2024-08-12 01:19:07,0
248,2024-08-12 01:21:07,0
152,2024-08-12 01:23:07,0
147,2024-08-12 01:25:07,0
188,2024-08-12 01:27:07,0
218,2024-08-12 01:29:07,0
169,2024-08-12 01:31:07,0
158,2024-08-12 01:33:07,0
167,2024-08-12 01:35:07,2
188,2024-08-12 01:37:07,0
172,2024-08-12 01:39:07,0
178,2024-08-12 01:41:07,0
157,2024-08-12 01:43:07,0
226,2024-08-12 01:45:07,0
130,2024-08-12 01:47:07,0
143,2024-08-12 01:49:07,0
153,2024-08-12 01:51:07,2
174,2024-08-12 01:53:07,0
128,2024-08-12 01:55:07,0
118,2024-08-12 01:57:07,0
174,2024-08-12 01:59:07,2
188,2024-08-12 02:01:07,0
125,2024-08-12 02:03:07,0
121,2024-08-12 02:05:07,2
148,2024-08-12 02:07:07,0
162,2024-08-12 02:09:07,0
119,2024-08-12 02:11:07,0
97,2024-08-12 02:13:07,0
155,2024-08-12 02:15:07,0
147,2024-08-12 02:17:07,1
112,2024-08-12 02:19:07,1
107,2024-08-12 02:21:07,1
178,2024-08-12 02:23:07,0
121,2024-08-12 02:25:07,0
100,2024-08-12 02:27:07,0
157,2024-08-12 02:29:07,2
131,2024-08-12 02:31:07,0
100,2024-08-12 02:33:07,0
109,2024-08-12 02:35:07,0
162,2024-08-12 02:37:07,0
102,2024-08-12 02:39:07,0
100,2024-08-12 02:41:07,0
127,2024-08-12 02:43:07,0
100,2024-08-12 02:45:07,0
84,2024-08-12 02:47:07,0
112,2024-08-12 02:49:07,0
135,2024-08-12 02:51:07,0
77,2024-08-12 02:53:07,0
69,2024-08-12 02:55:07,0
131,2024-08-12 02:57:07,0
91,2024-08-12 02:59:07,0
92,2024-08-12 03:01:07,0
108,2024-08-12 03:03:07,2
76,2024-08-12 03:05:07,0
80,2024-08-12 03:07:07,0
114,2024-08-12 03:09:07,0
92,2024-08-12 03:11:07,0
82,2024-08-12 03:13:07,0
105,2024-08-12 03:15:07,0
100,2024-08-12 03:17:07,0
72,2024-08-12 03:19:07,0
90,2024-08-12 03:21:07,0
82,2024-08-12 03:23:07,0
47,2024-08-12 03:25:07,0
93,2024-08-12 03:27:07,0
72,2024-08-12 03:29:07,0
64,2024-08-12 03:31:07,0
87,2024-08-12 03:33:07,0
82,2024-08-12 03:35:07,0
72,2024-08-12 03:37:07,0
74,2024-08-12 03:39:07,0
97,2024-08-12 03:41:07,1
81,2024-08-12 03:43:07,0
112,2024-08-12 03:45:07,0
98,2024-08-12 03:47:07,0
86,2024-08-12 03:49:07,2
86,2024-08-12 03:51:07,0
91,2024-08-12 03:53:07,0
59,2024-08-12 03:55:07,0
52,2024-08-12 03:57:07,0
80,2024-08-12 03:59:07,0
64,2024-08-12 04:01:07,0
72,2024-08-12 04:03:07,0
87,2024-08-12 04:05:07,2
67,2024-08-12 04:07:07,0
67,2024-08-12 04:09:07,0
78,2024-08-12 04:11:07,0
49,2024-08-12 04:13:07,0
67,2024-08-12 04:15:07,0
72,2024-08-12 04:17:07,0
64,2024-08-12 04:19:07,0
54,2024-08-12 04:21:07,0
77,2024-08-12 04:23:07,0
50,2024-08-12 04:25:07,0
52,2024-08-12 04:27:07,0
54,2024-08-12 04:29:07,0
51,2024-08-12 04:31:07,0
72,2024-08-12 04:33:07,0
66,2024-08-12 04:35:07,0
44,2024-08-12 04:37:07,0
58,2024-08-12 04:39:07,0
53,2024-08-12 04:41:07,0
67,2024-08-12 04:43:07,0
86,2024-08-12 04:45:07,0
47,2024-08-12 04:47:07,0
47,2024-08-12 04:49:07,0
71,2024-08-12 04:51:07,0
53,2024-08-12 04:53:07,0
44,2024-08-12 04:55:07,0
71,2024-08-12 04:57:07,0
50,2024-08-12 04:59:07,0
45,2024-08-12 05:01:07,0
62,2024-08-12 05:03:07,0
47,2024-08-12 05:05:07,0
57,2024-08-12 05:07:07,0
84,2024-08-12 05:09:07,0
47,2024-08-12 05:11:07,0
47,2024-08-12 05:13:07,0
88,2024-08-12 05:15:07,0
63,2024-08-12 05:17:07,0
44,2024-08-12 05:19:07,0
67,2024-08-12 05:21:07,0
69,2024-08-12 05:23:07,0
43,2024-08-12 05:25:07,0
71,2024-08-12 05:27:07,0
51,2024-08-12 05:29:07,0
68,2024-08-12 05:31:07,0
55,2024-08-12 05:33:07,0
57,2024-08-12 05:35:07,0
77,2024-08-12 05:37:07,0
60,2024-08-12 05:39:07,0
52,2024-08-12 05:41:07,0
75,2024-08-12 05:43:07,0
66,2024-08-12 05:45:07,0
53,2024-08-12 05:47:07,0
84,2024-08-12 05:49:07,0
56,2024-08-12 05:51:07,0
51,2024-08-12 05:53:07,0
92,2024-08-12 05:55:07,0
64,2024-08-12 05:57:07,0
58,2024-08-12 05:59:07,0
96,2024-08-12 06:01:07,0
73,2024-08-12 06:03:07,0
56,2024-08-12 06:05:07,0
86,2024-08-12 06:07:07,0
55,2024-08-12 06:09:07,0
90,2024-08-12 06:11:07,0
65,2024-08-12 06:13:07,0
50,2024-08-12 06:15:07,0
63,2024-08-12 06:17:07,0
88,2024-08-12 06:19:07,0
77,2024-08-12 06:21:07,0
58,2024-08-12 06:23:07,0
109,2024-08-12 06:25:07,0
72,2024-08-12 06:27:07,0
64,2024-08-12 06:29:07,0
96,2024-08-12 06:31:07,0
68,2024-08-12 06:33:07,0
62,2024-08-12 06:35:07,0
106,2024-08-12 06:37:07,0
72,2024-08-12 06:39:07,0
87,2024-08-12 06:41:07,0
116,2024-08-12 06:43:07,0
80,2024-08-12 06:45:07,0
83,2024-08-12 06:47:07,0
128,2024-08-12 06:49:07,0
93,2024-08-12 06:51:07,0
85,2024-08-12 06:53:07,0
106,2024-08-12 06:55:07,0
140,2024-08-12 06:57:07,0
89,2024-08-12 06:59:07,0
112,2024-08-12 07:01:07,0
163,2024-08-12 07:03:07,0
110,2024-08-12 07:05:07,0
107,2024-08-12 07:07:07,0
146,2024-08-12 07:09:07,0
121,2024-08-12 07:11:07,0
111,2024-08-12 07:13:07,0
176,2024-08-12 07:15:07,0
133,2024-08-12 07:17:07,0
116,2024-08-12 07:19:07,0
146,2024-08-12 07:21:07,0
147,2024-08-12 07:23:07,0
131,2024-08-12 07:25:07,0
128,2024-08-12 07:27:07,0
175,2024-08-12 07:29:07,0
117,2024-08-12 07:31:07,2
127,2024-08-12 07:33:07,0
175,2024-08-12 07:35:07,2
140,2024-08-12 07:37:07,0
130,2024-08-12 07:39:07,0
184,2024-08-12 07:41:07,0
156,2024-08-12 07:43:07,0
152,2024-08-12 07:45:07,0
201,2024-08-12 07:47:07,1
208,2024-08-12 07:49:07,5
165,2024-08-12 07:51:07,2
193,2024-08-12 07:53:07,0
192,2024-08-12 07:55:07,0
266,2024-08-12 07:57:07,0
168,2024-08-12 07:59:07,0
190,2024-08-12 08:01:07,0
255,2024-08-12 08:03:07,0
197,2024-08-12 08:05:07,0
198,2024-08-12 08:07:07,0
219,2024-08-12 08:09:07,0
240,2024-08-12 08:11:07,0
226,2024-08-12 08:13:07,0
211,2024-08-12 08:15:07,0
267,2024-08-12 08:17:07,0
257,2024-08-12 08:19:07,0
203,2024-08-12 08:21:07,0
233,2024-08-12 08:23:07,0
269,2024-08-12 08:25:07,0
237,2024-08-12 08:27:07,0
259,2024-08-12 08:29:07,0
274,2024-08-12 08:31:07,0
287,2024-08-12 08:33:07,0
307,2024-08-12 08:35:07,4
223,2024-08-12 08:37:07,0
268,2024-08-12 08:39:07,0
292,2024-08-12 08:41:07,1
233,2024-08-12 08:43:07,0
252,2024-08-12 08:45:07,0
307,2024-08-12 08:47:07,1
354,2024-08-12 08:49:07,0
275,2024-08-12 08:51:07,0
252,2024-08-12 08:53:07,0
307,2024-08-12 08:55:07,2
331,2024-08-12 08:57:07,0
295,2024-08-12 08:59:07,0
304,2024-08-12 09:01:07,0
310,2024-08-12 09:03:07,0
397,2024-08-12 09:05:07,0
294,2024-08-12 09:07:07,0
308,2024-08-12 09:09:07,0
326,2024-08-12 09:11:07,0
342,2024-08-12 09:13:07,0
314,2024-08-12 09:15:07,2
287,2024-08-12 09:17:07,2
319,2024-08-12 09:19:07,2
411,2024-08-12 09:21:07,1
405,2024-08-12 09:23:07,2
435,2024-08-12 09:25:07,0
365,2024-08-12 09:27:07,1
387,2024-08-12 09:29:07,1
374,2024-08-12 09:31:07,0
398,2024-08-12 09:33:07,0
350,2024-08-12 09:35:07,1
329,2024-08-12 09:37:07,4
380,2024-08-12 09:39:07,2
417,2024-08-12 09:41:07,0
334,2024-08-12 09:43:07,1
397,2024-08-12 09:45:07,0
369,2024-08-12 09:47:07,0
430,2024-08-12 09:49:07,0
450,2024-08-12 09:51:07,2
378,2024-08-12 09:53:07,2
357,2024-08-12 09:55:07,0
384,2024-08-12 09:57:07,2
445,2024-08-12 09:59:07,2
436,2024-08-12 10:01:07,0
391,2024-08-12 10:03:07,0
410,2024-08-12 10:05:07,1
445,2024-08-12 10:07:07,2
488,2024-08-12 10:09:07,0
462,2024-08-12 10:11:07,0
394,2024-08-12 10:13:07,0
373,2024-08-12 10:15:07,2
509,2024-08-12 10:17:07,0
476,2024-08-12 10:19:07,0
539,2024-08-12 10:21:07,0
434,2024-08-12 10:23:07,1
430,2024-08-12 10:25:07,0
581,2024-08-12 10:27:07,0
523,2024-08-12 10:29:07,0
499,2024-08-12 10:31:07,2
493,2024-08-12 10:33:07,0
474,2024-08-12 10:35:07,0
448,2024-08-12 10:37:07,0
521,2024-08-12 10:39:07,1
520,2024-08-12 10:41:07,1
530,2024-08-12 10:43:07,0
503,2024-08-12 10:45:07,0
430,2024-08-12 10:47:07,5
525,2024-08-12 10:49:07,0
506,2024-08-12 10:51:07,2
499,2024-08-12 10:53:07,4
515,2024-08-12 10:55:07,4
506,2024-08-12 10:57:07,0
468,2024-08-12 10:59:07,3
524,2024-08-12 11:01:07,10
620,2024-08-12 11:03:07,0
590,2024-08-12 11:05:07,2
618,2024-08-12 11:07:07,2
500,2024-08-12 11:09:07,1
548,2024-08-12 11:11:07,1
562,2024-08-12 11:13:07,0
602,2024-08-12 11:15:07,1
585,2024-08-12 11:17:07,0
596,2024-08-12 11:19:07,0
576,2024-08-12 11:21:07,1
511,2024-08-12 11:23:07,0
511,2024-08-12 11:25:07,4
561,2024-08-12 11:27:07,0
564,2024-08-12 11:29:07,2
580,2024-08-12 11:31:07,0
557,2024-08-12 11:33:07,1
575,2024-08-12 11:35:07,3
516,2024-08-12 11:37:07,2
524,2024-08-12 11:39:07,0
578,2024-08-12 11:41:07,0
622,2024-08-12 11:43:07,0
573,2024-08-12 11:45:07,2
589,2024-08-12 11:47:07,2
519,2024-08-12 11:49:07,3
488,2024-08-12 11:51:07,0
554,2024-08-12 11:53:07,2
615,2024-08-12 11:55:07,2
618,2024-08-12 11:57:07,4
658,2024-08-12 11:59:07,6
630,2024-08-12 12:01:07,4
584,2024-08-12 12:03:07,5
617,2024-08-12 12:05:07,2
593,2024-08-12 12:07:07,0
572,2024-08-12 12:09:07,0
590,2024-08-12 12:11:07,0
678,2024-08-12 12:13:07,1
636,2024-08-12 12:15:07,0
634,2024-08-12 12:17:07,0
646,2024-08-12 12:19:07,2
606,2024-08-12 12:21:07,1
672,2024-08-12 12:23:07,1
738,2024-08-12 12:25:07,1
690,2024-08-12 12:27:07,4
680,2024-08-12 12:29:07,0
655,2024-08-12 12:31:07,4
719,2024-08-12 12:33:07,2
706,2024-08-12 12:35:07,1
755,2024-08-12 12:37:07,0
747,2024-08-12 12:39:07,0
716,2024-08-12 12:41:07,2
662,2024-08-12 12:43:07,0
675,2024-08-12 12:45:07,1
753,2024-08-12 12:47:07,2
678,2024-08-12 12:49:07,2
758,2024-08-12 12:51:07,0
750,2024-08-12 12:53:07,2
731,2024-08-12 12:55:07,2
684,2024-08-12 12:57:07,2
713,2024-08-12 12:59:07,1
734,2024-08-12 13:01:07,0
691,2024-08-12 13:03:07,2
646,2024-08-12 13:05:07,0
603,2024-08-12 13:07:07,1
495,2024-08-12 13:09:07,0
541,2024-08-12 13:11:07,0
621,2024-08-12 13:13:07,0
572,2024-08-12 13:15:07,2
588,2024-08-12 13:17:07,4
596,2024-08-12 13:19:07,0
510,2024-08-12 13:21:07,2
539,2024-08-12 13:23:07,5
564,2024-08-12 13:25:07,0
567,2024-08-12 13:27:07,0
595,2024-08-12 13:29:07,0
577,2024-08-12 13:31:07,0
528,2024-08-12 13:33:07,0
559,2024-08-12 13:35:07,0
533,2024-08-12 13:37:07,0
532,2024-08-12 13:39:07,2
597,2024-08-12 13:41:07,2
578,2024-08-12 13:43:07,0
554,2024-08-12 13:45:07,0
511,2024-08-12 13:47:07,1
504,2024-08-12 13:49:07,0
562,2024-08-12 13:51:07,4
617,2024-08-12 13:53:07,7
618,2024-08-12 13:55:07,0
567,2024-08-12 13:57:07,3
505,2024-08-12 13:59:07,3
511,2024-08-12 14:01:07,0
552,2024-08-12 14:03:07,0
569,2024-08-12 14:05:07,0
560,2024-08-12 14:07:07,0
533,2024-08-12 14:09:07,0
561,2024-08-12 14:11:07,2
509,2024-08-12 14:13:07,0
546,2024-08-12 14:15:07,0
602,2024-08-12 14:17:07,4
570,2024-08-12 14:19:07,1
551,2024-08-12 14:21:07,0
607,2024-08-12 14:23:07,1
576,2024-08-12 14:25:07,0
522,2024-08-12 14:27:07,0
533,2024-08-12 14:29:07,0
576,2024-08-12 14:31:07,0
612,2024-08-12 14:33:07,4
613,2024-08-12 14:35:07,2
642,2024-08-12 14:37:07,3
502,2024-08-12 14:39:07,1
520,2024-08-12 14:41:07,2
552,2024-08-12 14:43:07,2
617,2024-08-12 14:45:07,2
607,2024-08-12 14:47:07,0
629,2024-08-12 14:49:07,1
575,2024-08-12 14:51:07,2
509,2024-08-12 14:53:07,3
652,2024-08-12 14:55:07,0
576,2024-08-12 14:57:07,0
606,2024-08-12 14:59:07,1
635,2024-08-12 15:01:07,0
587,2024-08-12 15:03:07,0
579,2024-08-12 15:05:07,0
593,2024-08-12 15:07:07,3
523,2024-08-12 15:09:07,0
561,2024-08-12 15:11:07,1
632,2024-08-12 15:13:07,0
644,2024-08-12 15:15:07,0
809,2024-08-12 15:17:07,15
567,2024-08-12 15:19:07,4
587,2024-08-12 15:21:07,2
517,2024-08-12 15:23:07,0
515,2024-08-12 15:25:07,0
615,2024-08-12 15:27:07,0
590,2024-08-12 15:29:07,0
624,2024-08-12 15:31:07,2
644,2024-08-12 15:33:07,2
628,2024-08-12 15:35:07,0
546,2024-08-12 15:37:07,0
551,2024-08-12 15:39:07,1
576,2024-08-12 15:41:07,0
611,2024-08-12 15:43:07,5
587,2024-08-12 15:45:07,0
594,2024-08-12 15:47:07,0
609,2024-08-12 15:49:07,1
635,2024-08-12 15:51:07,0
564,2024-08-12 15:53:07,0
582,2024-08-12 15:55:07,2
530,2024-08-12 15:57:07,4
529,2024-08-12 15:59:07,4
584,2024-08-12 16:01:07,2
609,2024-08-12 16:03:07,5
638,2024-08-12 16:05:07,0
643,2024-08-12 16:07:07,0
628,2024-08-12 16:09:07,0
562,2024-08-12 16:11:07,2
566,2024-08-12 16:13:07,0
618,2024-08-12 16:15:07,0
595,2024-08-12 16:17:07,2
600,2024-08-12 16:19:07,0
587,2024-08-12 16:21:07,0
608,2024-08-12 16:23:07,0
638,2024-08-12 16:25:07,0
587,2024-08-12 16:27:07,2
580,2024-08-12 16:29:07,0
549,2024-08-12 16:31:07,0
651,2024-08-12 16:33:07,1
604,2024-08-12 16:35:07,0
596,2024-08-12 16:37:07,3
653,2024-08-12 16:39:07,4
573,2024-08-12 16:41:07,1
541,2024-08-12 16:43:07,2
587,2024-08-12 16:45:07,4
656,2024-08-12 16:47:07,0
680,2024-08-12 16:49:07,1
656,2024-08-12 16:51:07,0
630,2024-08-12 16:53:07,0
573,2024-08-12 16:55:07,0
554,2024-08-12 16:57:07,1
561,2024-08-12 16:59:07,3
611,2024-08-12 17:01:07,5
623,2024-08-12 17:03:07,0
564,2024-08-12 17:05:07,3
601,2024-08-12 17:07:07,3
604,2024-08-12 17:09:07,0
626,2024-08-12 17:11:07,2
638,2024-08-12 17:13:07,1
613,2024-08-12 17:15:07,2
595,2024-08-12 17:17:07,2
594,2024-08-12 17:19:07,4
557,2024-08-12 17:21:07,2
538,2024-08-12 17:23:07,38
601,2024-08-12 17:25:07,1
589,2024-08-12 17:27:07,0
673,2024-08-12 17:29:07,0
625,2024-08-12 17:31:07,0
605,2024-08-12 17:33:07,0
593,2024-08-12 17:35:07,0
617,2024-08-12 17:37:07,0
590,2024-08-12 17:39:07,0
583,2024-08-12 17:41:07,1
551,2024-08-12 17:43:07,2
632,2024-08-12 17:45:07,0
611,2024-08-12 17:47:07,0
575,2024-08-12 17:49:07,0
593,2024-08-12 17:51:07,0
597,2024-08-12 17:53:07,0
606,2024-08-12 17:55:07,0
566,2024-08-12 17:57:07,0
552,2024-08-12 17:59:07,0
595,2024-08-12 18:01:07,0
621,2024-08-12 18:03:07,5
630,2024-08-12 18:05:07,0
665,2024-08-12 18:07:07,1
663,2024-08-12 18:09:07,2
681,2024-08-12 18:11:07,5
619,2024-08-12 18:13:07,0
601,2024-08-12 18:15:07,0
541,2024-08-12 18:17:07,0
556,2024-08-12 18:19:07,0
648,2024-08-12 18:21:07,0
653,2024-08-12 18:23:07,0
629,2024-08-12 18:25:07,7
635,2024-08-12 18:27:07,3
599,2024-08-12 18:29:07,0
540,2024-08-12 18:31:07,1
580,2024-08-12 18:33:07,1
672,2024-08-12 18:35:07,0
626,2024-08-12 18:37:07,0
660,2024-08-12 18:39:07,2
668,2024-08-12 18:41:07,2
626,2024-08-12 18:43:07,2
587,2024-08-12 18:45:07,0
561,2024-08-12 18:47:07,0
656,2024-08-12 18:49:07,0
611,2024-08-12 18:51:07,0
611,2024-08-12 18:53:07,1
674,2024-08-12 18:55:07,0
593,2024-08-12 18:57:07,0
577,2024-08-12 18:59:07,0
596,2024-08-12 19:01:07,4
667,2024-08-12 19:03:07,4
628,2024-08-12 19:05:07,0
644,2024-08-12 19:07:07,0
686,2024-08-12 19:09:07,5
615,2024-08-12 19:11:07,0
593,2024-08-12 19:13:07,5
587,2024-08-12 19:15:07,0
667,2024-08-12 19:17:07,0
689,2024-08-12 19:19:07,4
687,2024-08-12 19:21:07,4
714,2024-08-12 19:23:07,2
841,2024-08-12 19:25:07,1
615,2024-08-12 19:27:07,1
678,2024-08-12 19:29:07,4
673,2024-08-12 19:31:07,0
670,2024-08-12 19:33:07,2
651,2024-08-12 19:35:07,2
660,2024-08-12 19:37:07,1
659,2024-08-12 19:39:07,3
613,2024-08-12 19:41:07,1
607,2024-08-12 19:43:07,0
708,2024-08-12 19:45:07,0
691,2024-08-12 19:47:07,0
654,2024-08-12 19:49:07,0
643,2024-08-12 19:51:07,0
636,2024-08-12 19:53:07,1
649,2024-08-12 19:55:07,0
696,2024-08-12 19:57:07,0
710,2024-08-12 19:59:07,2
711,2024-08-12 20:01:07,0
687,2024-08-12 20:03:07,0
656,2024-08-12 20:05:07,0
624,2024-08-12 20:07:07,1
687,2024-08-12 20:09:07,0
728,2024-08-12 20:11:07,0
692,2024-08-12 20:13:07,0
729,2024-08-12 20:15:07,2
690,2024-08-12 20:17:07,2
707,2024-08-12 20:19:07,1
632,2024-08-12 20:21:07,2
741,2024-08-12 20:23:07,1
731,2024-08-12 20:25:07,0
757,2024-08-12 20:27:07,1
757,2024-08-12 20:29:07,2
745,2024-08-12 20:31:07,0
705,2024-08-12 20:33:07,3
652,2024-08-12 20:35:07,2
699,2024-08-12 20:37:07,0
708,2024-08-12 20:39:07,0
764,2024-08-12 20:41:07,0
707,2024-08-12 20:43:07,0
736,2024-08-12 20:45:07,0
714,2024-08-12 20:47:07,0
721,2024-08-12 20:49:07,0
706,2024-08-12 20:51:07,2
666,2024-08-12 20:53:07,0
759,2024-08-12 20:55:07,0
732,2024-08-12 20:57:07,0
727,2024-08-12 20:59:07,4
755,2024-08-12 21:01:07,3
722,2024-08-12 21:03:07,3
644,2024-08-12 21:05:07,0
663,2024-08-12 21:07:07,0
803,2024-08-12 21:09:07,0
784,2024-08-12 21:11:07,0
739,2024-08-12 21:13:07,2
745,2024-08-12 21:15:07,0
741,2024-08-12 21:17:07,0
696,2024-08-12 21:19:07,2
698,2024-08-12 21:21:07,0
715,2024-08-12 21:23:07,1
741,2024-08-12 21:25:07,2
728,2024-08-12 21:27:07,0
776,2024-08-12 21:29:07,2
698,2024-08-12 21:31:07,0
677,2024-08-12 21:33:07,0
721,2024-08-12 21:35:07,0
798,2024-08-12 21:37:07,0
716,2024-08-12 21:39:07,0
756,2024-08-12 21:41:07,3
749,2024-08-12 21:43:07,2
732,2024-08-12 21:45:07,0
675,2024-08-12 21:47:07,0
629,2024-08-12 21:49:07,0
752,2024-08-12 21:51:07,0
706,2024-08-12 21:53:07,2
715,2024-08-12 21:55:07,3
737,2024-08-12 21:57:07,1
742,2024-08-12 21:59:07,0
778,2024-08-12 22:01:07,0
807,2024-08-12 22:03:07,1
703,2024-08-12 22:05:07,5
695,2024-08-12 22:07:07,1
650,2024-08-12 22:09:07,2
683,2024-08-12 22:11:07,0
727,2024-08-12 22:13:07,0
750,2024-08-12 22:15:07,0
708,2024-08-12 22:17:07,1
720,2024-08-12 22:19:07,3
684,2024-08-12 22:21:07,0
645,2024-08-12 22:23:07,0
629,2024-08-12 22:25:07,0
667,2024-08-12 22:27:07,2
655,2024-08-12 22:29:07,1
702,2024-08-12 22:31:07,2
718,2024-08-12 22:33:07,0
660,2024-08-12 22:35:07,1
667,2024-08-12 22:37:07,0
663,2024-08-12 22:39:07,1
653,2024-08-12 22:41:07,1
569,2024-08-12 22:43:07,0
598,2024-08-12 22:45:07,2
642,2024-08-12 22:47:07,0
606,2024-08-12 22:49:07,0
609,2024-08-12 22:51:07,5
577,2024-08-12 22:53:07,1
638,2024-08-12 22:55:07,0
596,2024-08-12 22:57:07,0
529,2024-08-12 22:59:07,2
504,2024-08-12 23:01:07,0
470,2024-08-12 23:03:07,0
505,2024-08-12 23:05:07,2
512,2024-08-12 23:07:07,0
517,2024-08-12 23:09:07,0
524,2024-08-12 23:11:07,0
524,2024-08-12 23:13:07,2
526,2024-08-12 23:15:07,5
518,2024-08-12 23:17:07,0
399,2024-08-12 23:19:07,0
395,2024-08-12 23:21:07,2
483,2024-08-12 23:23:07,0
488,2024-08-12 23:25:07,0
470,2024-08-12 23:27:07,0
507,2024-08-12 23:29:07,0
465,2024-08-12 23:31:07,6
480,2024-08-12 23:33:07,0
466,2024-08-12 23:35:07,2
371,2024-08-12 23:37:07,2
383,2024-08-12 23:39:07,0
362,2024-08-12 23:41:07,0
431,2024-08-12 23:43:07,0
401,2024-08-12 23:45:07,1
448,2024-08-12 23:47:07,0
460,2024-08-12 23:49:07,0
387,2024-08-12 23:51:07,0
366,2024-08-12 23:53:07,0
356,2024-08-12 23:55:07,2
410,2024-08-12 23:57:07,0
387,2024-08-12 23:59:07,0
388,2024-08-13 00:01:07,2
449,2024-08-13 00:03:07,5
440,2024-08-13 00:05:07,0
355,2024-08-13 00:07:07,0
318,2024-08-13 00:09:07,0
342,2024-08-13 00:11:07,0
388,2024-08-13 00:13:07,0
351,2024-08-13 00:15:07,0
355,2024-08-13 00:17:07,0
306,2024-08-13 00:19:07,0
284,2024-08-13 00:21:07,0
313,2024-08-13 00:23:07,0
391,2024-08-13 00:25:07,0
326,2024-08-13 00:27:07,0
339,2024-08-13 00:29:07,0
359,2024-08-13 00:31:07,0
294,2024-08-13 00:33:07,0
273,2024-08-13 00:35:07,0
257,2024-08-13 00:37:07,0
315,2024-08-13 00:39:07,0
306,2024-08-13 00:41:07,0
328,2024-08-13 00:43:07,0
263,2024-08-13 00:45:07,3
211,2024-08-13 00:47:07,0
264,2024-08-13 00:49:07,0
278,2024-08-13 00:51:07,0
269,2024-08-13 00:53:07,0
241,2024-08-13 00:55:07,0
212,2024-08-13 00:57:07,0
199,2024-08-13 00:59:07,0
289,2024-08-13 01:01:07,0
267,2024-08-13 01:03:07,0
198,2024-08-13 01:05:07,0
208,2024-08-13 01:07:07,0
222,2024-08-13 01:09:07,0
239,2024-08-13 01:11:07,0
228,2024-08-13 01:13:07,0
179,2024-08-13 01:15:07,0
160,2024-08-13 01:17:07,2
245,2024-08-13 01:19:07,2
202,2024-08-13 01:21:07,0
181,2024-08-13 01:23:07,0
158,2024-08-13 01:25:07,0
197,2024-08-13 01:27:07,6
212,2024-08-13 01:29:07,0
127,2024-08-13 01:31:07,0
147,2024-08-13 01:33:07,0
202,2024-08-13 01:35:07,0
206,2024-08-13 01:37:07,0
164,2024-08-13 01:39:07,0
145,2024-08-13 01:41:07,0
216,2024-08-13 01:43:07,0
170,2024-08-13 01:45:07,0
128,2024-08-13 01:47:07,0
132,2024-08-13 01:49:07,0
192,2024-08-13 01:51:07,0
176,2024-08-13 01:53:07,0
103,2024-08-13 01:55:07,0
124,2024-08-13 01:57:07,0
173,2024-08-13 01:59:07,0
122,2024-08-13 02:01:07,0
136,2024-08-13 02:03:07,0
136,2024-08-13 02:05:07,0
160,2024-08-13 02:07:07,0
107,2024-08-13 02:09:07,0
101,2024-08-13 02:11:07,0
171,2024-08-13 02:13:07,0
125,2024-08-13 02:15:07,0
123,2024-08-13 02:17:07,0
114,2024-08-13 02:19:07,0
181,2024-08-13 02:21:07,0
113,2024-08-13 02:23:07,0
96,2024-08-13 02:25:07,0
99,2024-08-13 02:27:07,1
122,2024-08-13 02:29:07,0
89,2024-08-13 02:31:07,0
59,2024-08-13 02:33:07,0
126,2024-08-13 02:35:07,0
81,2024-08-13 02:37:07,0
86,2024-08-13 02:39:07,0
133,2024-08-13 02:41:07,0
98,2024-08-13 02:43:07,1
91,2024-08-13 02:45:07,0
109,2024-08-13 02:47:07,0
94,2024-08-13 02:49:07,0
75,2024-08-13 02:51:07,0
84,2024-08-13 02:53:07,0
117,2024-08-13 02:55:07,0
74,2024-08-13 02:57:07,0
74,2024-08-13 02:59:07,0
125,2024-08-13 03:01:07,12
93,2024-08-13 03:03:07,4
112,2024-08-13 03:05:07,2
113,2024-08-13 03:07:07,0
123,2024-08-13 03:09:07,2
79,2024-08-13 03:11:07,0
66,2024-08-13 03:13:07,0
103,2024-08-13 03:15:07,0
54,2024-08-13 03:17:07,0
66,2024-08-13 03:19:07,0
110,2024-08-13 03:21:07,0
63,2024-08-13 03:23:07,0
48,2024-08-13 03:25:07,0
99,2024-08-13 03:27:07,0
65,2024-08-13 03:29:07,0
63,2024-08-13 03:31:07,0
95,2024-08-13 03:33:07,0
61,2024-08-13 03:35:07,0
62,2024-08-13 03:37:07,0
109,2024-08-13 03:39:07,0
76,2024-08-13 03:41:07,0
73,2024-08-13 03:43:07,0
102,2024-08-13 03:45:07,0
66,2024-08-13 03:47:07,2
56,2024-08-13 03:49:07,0
92,2024-08-13 03:51:07,0
83,2024-08-13 03:53:07,0
78,2024-08-13 03:55:07,0
86,2024-08-13 03:57:07,0
75,2024-08-13 03:59:07,0
39,2024-08-13 04:01:07,0
89,2024-08-13 04:03:07,0
53,2024-08-13 04:05:07,0
50,2024-08-13 04:07:07,0
95,2024-08-13 04:09:07,0
54,2024-08-13 04:11:07,0
56,2024-08-13 04:13:07,0
80,2024-08-13 04:15:07,0
59,2024-08-13 04:17:07,0
64,2024-08-13 04:19:07,0
66,2024-08-13 04:21:07,0
48,2024-08-13 04:23:07,0
49,2024-08-13 04:25:07,0
90,2024-08-13 04:27:07,3
48,2024-08-13 04:29:07,0
29,2024-08-13 04:31:07,0
81,2024-08-13 04:33:07,0
48,2024-08-13 04:35:07,0
48,2024-08-13 04:37:07,0
77,2024-08-13 04:39:07,0
34,2024-08-13 04:41:07,0
42,2024-08-13 04:43:07,0
59,2024-08-13 04:45:07,0
41,2024-08-13 04:47:07,0
43,2024-08-13 04:49:07,0
61,2024-08-13 04:51:07,0
54,2024-08-13 04:53:07,0
51,2024-08-13 04:55:07,0
57,2024-08-13 04:57:07,0
51,2024-08-13 04:59:07,0
69,2024-08-13 05:01:07,0
58,2024-08-13 05:03:07,0
36,2024-08-13 05:05:07,0
77,2024-08-13 05:07:07,0
43,2024-08-13 05:09:07,0
44,2024-08-13 05:11:07,0
70,2024-08-13 05:13:07,0
60,2024-08-13 05:15:07,0
48,2024-08-13 05:17:07,0
78,2024-08-13 05:19:07,0
42,2024-08-13 05:21:07,0
45,2024-08-13 05:23:07,0
63,2024-08-13 05:25:07,0
59,2024-08-13 05:27:07,0
41,2024-08-13 05:29:07,0
66,2024-08-13 05:31:07,0
40,2024-08-13 05:33:07,0
48,2024-08-13 05:35:07,0
81,2024-08-13 05:37:07,0
49,2024-08-13 05:39:07,0
50,2024-08-13 05:41:07,0
56,2024-08-13 05:43:07,0
47,2024-08-13 05:45:07,0
52,2024-08-13 05:47:07,0
76,2024-08-13 05:49:07,0
56,2024-08-13 05:51:07,0
74,2024-08-13 05:53:07,0
71,2024-08-13 05:55:07,0
57,2024-08-13 05:57:07,0
76,2024-08-13 05:59:07,0
59,2024-08-13 06:01:07,0
72,2024-08-13 06:03:07,0
84,2024-08-13 06:05:07,0
49,2024-08-13 06:07:07,2
64,2024-08-13 06:09:07,0
84,2024-08-13 06:11:07,0
51,2024-08-13 06:13:07,0
49,2024-08-13 06:15:07,0
104,2024-08-13 06:17:07,0
64,2024-08-13 06:19:07,0
70,2024-08-13 06:21:07,0
111,2024-08-13 06:23:07,0
70,2024-08-13 06:25:07,0
78,2024-08-13 06:27:07,0
103,2024-08-13 06:29:07,0
72,2024-08-13 06:31:07,0
71,2024-08-13 06:33:07,0
105,2024-08-13 06:35:07,0
95,2024-08-13 06:37:07,0
71,2024-08-13 06:39:07,0
100,2024-08-13 06:41:07,0
101,2024-08-13 06:43:07,0
73,2024-08-13 06:45:07,0
109,2024-08-13 06:47:07,0
125,2024-08-13 06:49:07,0
97,2024-08-13 06:51:07,0
88,2024-08-13 06:53:07,2
134,2024-08-13 06:55:07,0
99,2024-08-13 06:57:07,0
90,2024-08-13 06:59:07,0
136,2024-08-13 07:01:07,0
110,2024-08-13 07:03:07,0
98,2024-08-13 07:05:07,0
169,2024-08-13 07:07:07,0
133,2024-08-13 07:09:07,0
105,2024-08-13 07:11:07,0
142,2024-08-13 07:13:07,0
131,2024-08-13 07:15:07,0
126,2024-08-13 07:17:07,0
132,2024-08-13 07:19:07,0
161,2024-08-13 07:21:07,0
133,2024-08-13 07:23:07,0
141,2024-08-13 07:25:07,0
179,2024-08-13 07:27:07,0
147,2024-08-13 07:29:07,0
116,2024-08-13 07:31:07,0
139,2024-08-13 07:33:07,0
184,2024-08-13 07:35:07,0
120,2024-08-13 07:37:07,0
161,2024-08-13 07:39:07,0
193,2024-08-13 07:41:07,1
153,2024-08-13 07:43:07,0
154,2024-08-13 07:45:07,0
208,2024-08-13 07:47:07,2
155,2024-08-13 07:49:07,3
147,2024-08-13 07:51:07,2
161,2024-08-13 07:53:07,0
172,2024-08-13 07:55:07,0
129,2024-08-13 07:57:07,0
167,2024-08-13 07:59:07,0
200,2024-08-13 08:01:07,0
178,2024-08-13 08:03:07,0
176,2024-08-13 08:05:07,0
238,2024-08-13 08:07:07,0
197,2024-08-13 08:09:07,0
212,2024-08-13 08:11:07,0
181,2024-08-13 08:13:07,0
237,2024-08-13 08:15:07,0
180,2024-08-13 08:17:07,0
194,2024-08-13 08:19:07,2
278,2024-08-13 08:21:07,0
210,2024-08-13 08:23:07,0
181,2024-08-13 08:25:07,0
206,2024-08-13 08:27:07,0
231,2024-08-13 08:29:07,0
178,2024-08-13 08:31:07,0
254,2024-08-13 08:33:07,2
285,2024-08-13 08:35:07,0
271,2024-08-13 08:37:07,1
237,2024-08-13 08:39:07,0
236,2024-08-13 08:41:07,2
304,2024-08-13 08:43:07,0
249,2024-08-13 08:45:07,0
240,2024-08-13 08:47:07,0
251,2024-08-13 08:49:07,2
319,2024-08-13 08:51:07,0
268,2024-08-13 08:53:07,2
262,2024-08-13 08:55:07,0
289,2024-08-13 08:57:07,0
354,2024-08-13 08:59:07,0
268,2024-08-13 09:01:07,0
261,2024-08-13 09:03:07,0
300,2024-08-13 09:05:07,0
355,2024-08-13 09:07:07,0
269,2024-08-13 09:09:07,0
276,2024-08-13 09:11:07,2
312,2024-08-13 09:13:07,0
357,2024-08-13 09:15:07,0
294,2024-08-13 09:17:07,0
266,2024-08-13 09:19:07,0
331,2024-08-13 09:21:07,2
364,2024-08-13 09:23:07,2
324,2024-08-13 09:25:07,0
317,2024-08-13 09:27:07,1
375,2024-08-13 09:29:07,2
387,2024-08-13 09:31:07,0
356,2024-08-13 09:33:07,0
376,2024-08-13 09:35:07,0
327,2024-08-13 09:37:07,0
402,2024-08-13 09:39:07,0
358,2024-08-13 09:41:07,3
338,2024-08-13 09:43:07,0
383,2024-08-13 09:45:07,0
445,2024-08-13 09:47:07,0
422,2024-08-13 09:49:07,0
357,2024-08-13 09:51:07,0
351,2024-08-13 09:53:07,0
413,2024-08-13 09:55:07,0
484,2024-08-13 09:57:07,2
466,2024-08-13 09:59:07,3
363,2024-08-13 10:01:07,0
347,2024-08-13 10:03:07,0
391,2024-08-13 10:05:07,2
466,2024-08-13 10:07:07,2
427,2024-08-13 10:09:07,0
377,2024-08-13 10:11:07,2
422,2024-08-13 10:13:07,0
477,2024-08-13 10:15:07,0
470,2024-08-13 10:17:07,0
427,2024-08-13 10:19:07,2
398,2024-08-13 10:21:07,0
425,2024-08-13 10:23:07,1
486,2024-08-13 10:25:07,2
460,2024-08-13 10:27:07,0
481,2024-08-13 10:29:07,0
446,2024-08-13 10:31:07,0
398,2024-08-13 10:33:07,2
449,2024-08-13 10:35:07,0
513,2024-08-13 10:37:07,0
485,2024-08-13 10:39:07,0
461,2024-08-13 10:41:07,3
464,2024-08-13 10:43:07,0
498,2024-08-13 10:45:07,2
566,2024-08-13 10:47:07,3
461,2024-08-13 10:49:07,0
561,2024-08-13 10:51:07,0
414,2024-08-13 10:53:07,0
425,2024-08-13 10:55:07,1
521,2024-08-13 10:57:07,0
546,2024-08-13 10:59:07,1
522,2024-08-13 11:01:07,8
528,2024-08-13 11:03:07,1
515,2024-08-13 11:05:07,0
570,2024-08-13 11:07:07,0
530,2024-08-13 11:09:07,0
568,2024-08-13 11:11:07,0
586,2024-08-13 11:13:07,0
533,2024-08-13 11:15:07,4
573,2024-08-13 11:17:07,2
548,2024-08-13 11:19:07,0
603,2024-08-13 11:21:07,0
590,2024-08-13 11:23:07,0
582,2024-08-13 11:25:07,2
553,2024-08-13 11:27:07,0
518,2024-08-13 11:29:07,1
529,2024-08-13 11:31:07,6
612,2024-08-13 11:33:07,0
563,2024-08-13 11:35:07,0
607,2024-08-13 11:37:07,2
574,2024-08-13 11:39:07,0
503,2024-08-13 11:41:07,1
530,2024-08-13 11:43:07,1
610,2024-08-13 11:45:07,2
627,2024-08-13 11:47:07,0
623,2024-08-13 11:49:07,1
503,2024-08-13 11:51:07,0
534,2024-08-13 11:53:07,0
556,2024-08-13 11:55:07,0
630,2024-08-13 11:57:07,1
551,2024-08-13 11:59:07,0
563,2024-08-13 12:01:07,0
503,2024-08-13 12:03:07,0
490,2024-08-13 12:05:07,0
493,2024-08-13 12:07:07,2
591,2024-08-13 12:09:07,1
596,2024-08-13 12:11:07,2
588,2024-08-13 12:13:07,1
526,2024-08-13 12:15:07,3
529,2024-08-13 12:17:07,0
539,2024-08-13 12:19:07,4
652,2024-08-13 12:21:07,0
629,2024-08-13 12:23:07,3
581,2024-08-13 12:25:07,3
597,2024-08-13 12:27:07,0
542,2024-08-13 12:29:07,4
567,2024-08-13 12:31:07,0
565,2024-08-13 12:33:07,0
627,2024-08-13 12:35:07,0
635,2024-08-13 12:37:07,0
578,2024-08-13 12:39:07,0
567,2024-08-13 12:41:07,1
585,2024-08-13 12:43:07,0
544,2024-08-13 12:45:07,2
586,2024-08-13 12:47:07,0
604,2024-08-13 12:49:07,0
620,2024-08-13 12:51:07,4
588,2024-08-13 12:53:07,1
598,2024-08-13 12:55:07,0
534,2024-08-13 12:57:07,0
601,2024-08-13 12:59:07,0
616,2024-08-13 13:01:07,2
636,2024-08-13 13:03:07,1
562,2024-08-13 13:05:07,1
565,2024-08-13 13:07:07,2
590,2024-08-13 13:09:07,0
626,2024-08-13 13:11:07,0
625,2024-08-13 13:13:07,0
588,2024-08-13 13:15:07,0
610,2024-08-13 13:17:07,0
513,2024-08-13 13:19:07,0
516,2024-08-13 13:21:07,0
583,2024-08-13 13:23:07,2
580,2024-08-13 13:25:07,0
568,2024-08-13 13:27:07,0
578,2024-08-13 13:29:07,1
536,2024-08-13 13:31:07,0
463,2024-08-13 13:33:07,0
627,2024-08-13 13:35:07,0
607,2024-08-13 13:37:07,2
587,2024-08-13 13:39:07,1
576,2024-08-13 13:41:07,0
525,2024-08-13 13:43:07,0
543,2024-08-13 13:45:07,0
639,2024-08-13 13:47:07,0
587,2024-08-13 13:49:07,0
604,2024-08-13 13:51:07,0
573,2024-08-13 13:53:07,0
554,2024-08-13 13:55:07,0
544,2024-08-13 13:57:07,0
579,2024-08-13 13:59:07,2
570,2024-08-13 14:01:07,2
568,2024-08-13 14:03:07,2
551,2024-08-13 14:05:07,4
536,2024-08-13 14:07:07,0
501,2024-08-13 14:09:07,2
634,2024-08-13 14:11:07,2
561,2024-08-13 14:13:07,0
629,2024-08-13 14:15:07,2
565,2024-08-13 14:17:07,3
514,2024-08-13 14:19:07,4
528,2024-08-13 14:21:07,0
581,2024-08-13 14:23:07,0
611,2024-08-13 14:25:07,1
638,2024-08-13 14:27:07,0
636,2024-08-13 14:29:07,1
517,2024-08-13 14:31:07,2
533,2024-08-13 14:33:07,0
559,2024-08-13 14:35:07,2
634,2024-08-13 14:37:07,2
544,2024-08-13 14:39:07,0
835,2024-08-13 14:41:07,8
612,2024-08-13 14:43:07,2
573,2024-08-13 14:45:07,3
537,2024-08-13 14:47:07,0
607,2024-08-13 14:49:07,3
605,2024-08-13 14:51:07,0
613,2024-08-13 14:53:07,0
550,2024-08-13 14:55:07,0
550,2024-08-13 14:57:07,1
512,2024-08-13 14:59:07,0
637,2024-08-13 15:01:07,2
644,2024-08-13 15:03:07,0
662,2024-08-13 15:05:07,1
593,2024-08-13 15:07:07,2
597,2024-08-13 15:09:07,0
548,2024-08-13 15:11:07,2
537,2024-08-13 15:13:07,3
601,2024-08-13 15:15:07,2
561,2024-08-13 15:17:07,0
592,2024-08-13 15:19:07,0
593,2024-08-13 15:21:07,0
491,2024-08-13 15:23:07,0
521,2024-08-13 15:25:07,2
591,2024-08-13 15:27:07,0
593,2024-08-13 15:29:07,0
592,2024-08-13 15:31:07,2
601,2024-08-13 15:33:07,0
536,2024-08-13 15:35:07,2
552,2024-08-13 15:37:07,0
593,2024-08-13 15:39:07,4
592,2024-08-13 15:41:07,1
638,2024-08-13 15:43:07,0
596,2024-08-13 15:45:07,0
552,2024-08-13 15:47:07,2
507,2024-08-13 15:49:07,0
531,2024-08-13 15:51:07,5
616,2024-08-13 15:53:07,0
623,2024-08-13 15:55:07,4
621,2024-08-13 15:57:07,4
581,2024-08-13 15:59:07,7
677,2024-08-13 16:01:07,0
611,2024-08-13 16:03:07,4
599,2024-08-13 16:05:07,2
575,2024-08-13 16:07:07,0
607,2024-08-13 16:09:07,3
677,2024-08-13 16:11:07,4
566,2024-08-13 16:13:07,0
642,2024-08-13 16:15:07,0
585,2024-08-13 16:17:07,2
529,2024-08-13 16:19:07,2
588,2024-08-13 16:21:07,0
637,2024-08-13 16:23:07,2
658,2024-08-13 16:25:07,0
618,2024-08-13 16:27:07,0
626,2024-08-13 16:29:07,0
595,2024-08-13 16:31:07,4
567,2024-08-13 16:33:07,2
549,2024-08-13 16:35:07,2
630,2024-08-13 16:37:07,1
649,2024-08-13 16:39:07,0
639,2024-08-13 16:41:07,4
653,2024-08-13 16:43:07,0
602,2024-08-13 16:45:07,0
545,2024-08-13 16:47:07,2
618,2024-08-13 16:49:07,0
603,2024-08-13 16:51:07,0
644,2024-08-13 16:53:07,0
684,2024-08-13 16:55:07,1
629,2024-08-13 16:57:07,1
650,2024-08-13 16:59:07,0
624,2024-08-13 17:01:07,2
562,2024-08-13 17:03:07,3
572,2024-08-13 17:05:07,2
596,2024-08-13 17:07:07,0
645,2024-08-13 17:09:07,4
748,2024-08-13 17:11:07,0
679,2024-08-13 17:13:07,0
630,2024-08-13 17:15:07,0
667,2024-08-13 17:17:07,2
604,2024-08-13 17:19:07,2
580,2024-08-13 17:21:07,4
510,2024-08-13 17:23:07,4
724,2024-08-13 17:25:07,1
696,2024-08-13 17:27:07,0
621,2024-08-13 17:29:07,0
672,2024-08-13 17:31:07,0
583,2024-08-13 17:33:07,0
542,2024-08-13 17:35:07,0
596,2024-08-13 17:37:07,3
619,2024-08-13 17:39:07,0
602,2024-08-13 17:41:07,2
593,2024-08-13 17:43:07,5
588,2024-08-13 17:45:07,0
657,2024-08-13 17:47:07,0
554,2024-08-13 17:49:07,0
535,2024-08-13 17:51:07,0
576,2024-08-13 17:53:07,0
615,2024-08-13 17:55:07,0
611,2024-08-13 17:57:07,2
656,2024-08-13 17:59:07,2
613,2024-08-13 18:01:07,0
571,2024-08-13 18:03:07,0
528,2024-08-13 18:05:07,2
577,2024-08-13 18:07:07,0
603,2024-08-13 18:09:07,2
610,2024-08-13 18:11:07,0
635,2024-08-13 18:13:07,0
614,2024-08-13 18:15:07,2
561,2024-08-13 18:17:07,1
577,2024-08-13 18:19:07,1
685,2024-08-13 18:21:07,2
621,2024-08-13 18:23:07,0
959,2024-08-13 18:25:07,5
634,2024-08-13 18:27:07,2
656,2024-08-13 18:29:07,0
562,2024-08-13 18:31:07,0
528,2024-08-13 18:33:07,0
623,2024-08-13 18:35:07,0
650,2024-08-13 18:37:07,0
639,2024-08-13 18:39:07,0
633,2024-08-13 18:41:07,1
659,2024-08-13 18:43:07,0
539,2024-08-13 18:45:07,0
529,2024-08-13 18:47:07,0
597,2024-08-13 18:49:07,0
663,2024-08-13 18:51:07,0
611,2024-08-13 18:53:07,0
653,2024-08-13 18:55:07,2
547,2024-08-13 18:57:07,1
606,2024-08-13 18:59:07,0
631,2024-08-13 19:01:07,0
670,2024-08-13 19:03:07,0
692,2024-08-13 19:05:07,1
659,2024-08-13 19:07:07,0
696,2024-08-13 19:09:07,2
571,2024-08-13 19:11:07,2
589,2024-08-13 19:13:07,0
635,2024-08-13 19:15:07,0
691,2024-08-13 19:17:07,0
685,2024-08-13 19:19:07,0
654,2024-08-13 19:21:07,0
687,2024-08-13 19:23:07,0
566,2024-08-13 19:25:07,0
647,2024-08-13 19:27:07,0
654,2024-08-13 19:29:07,0
664,2024-08-13 19:31:07,2
662,2024-08-13 19:33:07,0
644,2024-08-13 19:35:07,0
641,2024-08-13 19:37:07,1
583,2024-08-13 19:39:07,0
652,2024-08-13 19:41:07,2
706,2024-08-13 19:43:07,0
629,2024-08-13 19:45:07,2
728,2024-08-13 19:47:07,2
653,2024-08-13 19:49:07,0
611,2024-08-13 19:51:07,0
628,2024-08-13 19:53:07,2
664,2024-08-13 19:55:07,1
669,2024-08-13 19:57:07,0
654,2024-08-13 19:59:07,2
703,2024-08-13 20:01:07,2
662,2024-08-13 20:03:07,0
675,2024-08-13 20:05:07,1
677,2024-08-13 20:07:07,0
721,2024-08-13 20:09:07,0
763,2024-08-13 20:11:07,1
637,2024-08-13 20:13:07,0
737,2024-08-13 20:15:07,2
715,2024-08-13 20:17:07,0
644,2024-08-13 20:19:07,0
635,2024-08-13 20:21:07,1
731,2024-08-13 20:23:07,0
740,2024-08-13 20:25:07,0
739,2024-08-13 20:27:07,3
745,2024-08-13 20:29:07,0
707,2024-08-13 20:31:07,0
705,2024-08-13 20:33:07,0
676,2024-08-13 20:35:07,0
685,2024-08-13 20:37:07,0
743,2024-08-13 20:39:07,4
731,2024-08-13 20:41:07,0
710,2024-08-13 20:43:07,0
715,2024-08-13 20:45:07,0
749,2024-08-13 20:47:07,0
643,2024-08-13 20:49:07,2
676,2024-08-13 20:51:07,0
691,2024-08-13 20:53:07,0
761,2024-08-13 20:55:07,2
748,2024-08-13 20:57:07,0
722,2024-08-13 20:59:07,2
720,2024-08-13 21:01:07,0
679,2024-08-13 21:03:07,0
680,2024-08-13 21:05:07,5
639,2024-08-13 21:07:07,0
740,2024-08-13 21:09:07,0
757,2024-08-13 21:11:07,0
723,2024-08-13 21:13:07,2
756,2024-08-13 21:15:07,0
769,2024-08-13 21:17:07,3
747,2024-08-13 21:19:07,0
665,2024-08-13 21:21:07,0
700,2024-08-13 21:23:07,0
681,2024-08-13 21:25:07,4
753,2024-08-13 21:27:07,0
754,2024-08-13 21:29:07,3
758,2024-08-13 21:31:07,0
769,2024-08-13 21:33:07,4
753,2024-08-13 21:35:07,0
667,2024-08-13 21:37:07,0
699,2024-08-13 21:39:07,0
689,2024-08-13 21:41:07,0
768,2024-08-13 21:43:07,0
719,2024-08-13 21:45:07,0
749,2024-08-13 21:47:07,0
739,2024-08-13 21:49:07,0
743,2024-08-13 21:51:07,0
745,2024-08-13 21:53:07,3
638,2024-08-13 21:55:07,2
661,2024-08-13 21:57:07,0
640,2024-08-13 21:59:07,4
699,2024-08-13 22:01:07,0
781,2024-08-13 22:03:07,0
777,2024-08-13 22:05:07,1
693,2024-08-13 22:07:07,2
754,2024-08-13 22:09:07,2
724,2024-08-13 22:11:07,0
717,2024-08-13 22:13:07,2
692,2024-08-13 22:15:07,0
646,2024-08-13 22:17:07,0
628,2024-08-13 22:19:07,0
671,2024-08-13 22:21:07,0
730,2024-08-13 22:23:07,0
672,2024-08-13 22:25:07,0
690,2024-08-13 22:27:07,1
710,2024-08-13 22:29:07,0
689,2024-08-13 22:31:07,0
599,2024-08-13 22:33:07,0
575,2024-08-13 22:35:07,0
598,2024-08-13 22:37:07,0
722,2024-08-13 22:39:07,2
634,2024-08-13 22:41:07,0
637,2024-08-13 22:43:07,1
587,2024-08-13 22:45:07,0
614,2024-08-13 22:47:07,0
585,2024-08-13 22:49:07,2
600,2024-08-13 22:51:07,0
521,2024-08-13 22:53:07,0
539,2024-08-13 22:55:07,1
565,2024-08-13 22:57:07,0
619,2024-08-13 22:59:07,0
588,2024-08-13 23:01:07,1
569,2024-08-13 23:03:07,2
610,2024-08-13 23:05:07,0
580,2024-08-13 23:07:07,0
531,2024-08-13 23:09:07,0
491,2024-08-13 23:11:07,0
478,2024-08-13 23:13:07,2
484,2024-08-13 23:15:07,0
545,2024-08-13 23:17:07,0
538,2024-08-13 23:19:07,0
517,2024-08-13 23:21:07,2
517,2024-08-13 23:23:07,0
530,2024-08-13 23:25:07,2
439,2024-08-13 23:27:07,1
410,2024-08-13 23:29:07,1
436,2024-08-13 23:31:07,0
488,2024-08-13 23:33:07,0
494,2024-08-13 23:35:07,0
434,2024-08-13 23:37:07,0
437,2024-08-13 23:39:07,0
359,2024-08-13 23:41:07,1
355,2024-08-13 23:43:07,0
399,2024-08-13 23:45:07,0
434,2024-08-13 23:47:07,0
415,2024-08-13 23:49:07,4
422,2024-08-13 23:51:07,0
332,2024-08-13 23:53:07,0
340,2024-08-13 23:55:07,2
388,2024-08-13 23:57:07,0
394,2024-08-13 23:59:07,1
439,2024-08-14 00:01:07,2
414,2024-08-14 00:03:07,2
454,2024-08-14 00:05:07,2
445,2024-08-14 00:07:07,2
387,2024-08-14 00:09:07,2
318,2024-08-14 00:11:07,2
337,2024-08-14 00:13:07,0
342,2024-08-14 00:15:07,0
383,2024-08-14 00:17:07,2
373,2024-08-14 00:19:07,0
356,2024-08-14 00:21:07,0
322,2024-08-14 00:23:07,1
295,2024-08-14 00:25:07,0
282,2024-08-14 00:27:07,0
350,2024-08-14 00:29:07,0
326,2024-08-14 00:31:07,0
337,2024-08-14 00:33:07,0
293,2024-08-14 00:35:07,0
254,2024-08-14 00:37:07,0
263,2024-08-14 00:39:07,0
314,2024-08-14 00:41:07,2
317,2024-08-14 00:43:07,0
318,2024-08-14 00:45:07,2
260,2024-08-14 00:47:07,2
250,2024-08-14 00:49:07,0
221,2024-08-14 00:51:07,0
256,2024-08-14 00:53:07,0
284,2024-08-14 00:55:07,0
222,2024-08-14 00:57:07,0
218,2024-08-14 00:59:07,0
210,2024-08-14 01:01:07,2
269,2024-08-14 01:03:07,2
248,2024-08-14 01:05:07,0
209,2024-08-14 01:07:07,0
182,2024-08-14 01:09:07,0
241,2024-08-14 01:11:07,0
327,2024-08-14 01:13:07,5
331,2024-08-14 01:15:07,2
267,2024-08-14 01:17:07,0
281,2024-08-14 01:19:07,0
291,2024-08-14 01:21:07,0
324,2024-08-14 01:23:07,0
300,2024-08-14 01:25:07,2
250,2024-08-14 01:27:07,0
270,2024-08-14 01:29:07,1
305,2024-08-14 01:31:07,0
273,2024-08-14 01:33:07,0
241,2024-08-14 01:35:07,0
244,2024-08-14 01:37:07,0
320,2024-08-14 01:39:07,0
236,2024-08-14 01:41:07,0
228,2024-08-14 01:43:07,0
258,2024-08-14 01:45:07,0
308,2024-08-14 01:47:07,0
137,2024-08-14 01:49:07,0
137,2024-08-14 01:51:07,0
167,2024-08-14 01:53:07,0
142,2024-08-14 01:55:07,0
114,2024-08-14 01:57:07,2
118,2024-08-14 01:59:07,0
168,2024-08-14 02:01:07,0
172,2024-08-14 02:03:07,0
116,2024-08-14 02:05:07,1
100,2024-08-14 02:07:07,0
169,2024-08-14 02:09:07,0
135,2024-08-14 02:11:07,0
111,2024-08-14 02:13:07,0
134,2024-08-14 02:15:07,0
174,2024-08-14 02:17:07,0
86,2024-08-14 02:19:07,0
109,2024-08-14 02:21:07,0
141,2024-08-14 02:23:07,0
96,2024-08-14 02:25:07,0
96,2024-08-14 02:27:07,0
133,2024-08-14 02:29:07,0
129,2024-08-14 02:31:07,0
104,2024-08-14 02:33:07,0
71,2024-08-14 02:35:07,0
142,2024-08-14 02:37:07,0
90,2024-08-14 02:39:07,0
79,2024-08-14 02:41:07,0
132,2024-08-14 02:43:07,0
96,2024-08-14 02:45:07,0
96,2024-08-14 02:47:07,0
96,2024-08-14 02:49:07,0
133,2024-08-14 02:51:07,1
70,2024-08-14 02:53:07,0
87,2024-08-14 02:55:07,0
111,2024-08-14 02:57:07,0
68,2024-08-14 02:59:07,0
80,2024-08-14 03:01:07,0
127,2024-08-14 03:03:07,6
125,2024-08-14 03:05:07,0
76,2024-08-14 03:07:07,0
92,2024-08-14 03:09:07,0
81,2024-08-14 03:11:07,0
74,2024-08-14 03:13:07,0
87,2024-08-14 03:15:07,0
96,2024-08-14 03:17:07,0
60,2024-08-14 03:19:07,0
71,2024-08-14 03:21:07,0
119,2024-08-14 03:23:07,0
72,2024-08-14 03:25:07,0
76,2024-08-14 03:27:07,0
107,2024-08-14 03:29:07,0
71,2024-08-14 03:31:07,0
72,2024-08-14 03:33:07,0
104,2024-08-14 03:35:07,0
58,2024-08-14 03:37:07,0
57,2024-08-14 03:39:07,0
90,2024-08-14 03:41:07,0
58,2024-08-14 03:43:07,0
67,2024-08-14 03:45:07,0
106,2024-08-14 03:47:07,0
66,2024-08-14 03:49:07,0
69,2024-08-14 03:51:07,0
94,2024-08-14 03:53:07,0
81,2024-08-14 03:55:07,0
76,2024-08-14 03:57:07,0
108,2024-08-14 03:59:07,0
71,2024-08-14 04:01:07,0
75,2024-08-14 04:03:07,0
93,2024-08-14 04:05:07,0
48,2024-08-14 04:07:07,0
61,2024-08-14 04:09:07,0
94,2024-08-14 04:11:07,0
57,2024-08-14 04:13:07,0
78,2024-08-14 04:15:07,0
87,2024-08-14 04:17:07,0
56,2024-08-14 04:19:07,0
45,2024-08-14 04:21:07,0
77,2024-08-14 04:23:07,0
42,2024-08-14 04:25:07,0
51,2024-08-14 04:27:07,0
71,2024-08-14 04:29:07,0
51,2024-08-14 04:31:07,0
45,2024-08-14 04:33:07,0
77,2024-08-14 04:35:07,0
49,2024-08-14 04:37:07,0
39,2024-08-14 04:39:07,0
60,2024-08-14 04:41:07,0
40,2024-08-14 04:43:07,0
68,2024-08-14 04:45:07,0
50,2024-08-14 04:47:07,0
54,2024-08-14 04:49:07,0
65,2024-08-14 04:51:07,0
31,2024-08-14 04:53:07,0
57,2024-08-14 04:55:07,0
77,2024-08-14 04:57:07,0
50,2024-08-14 04:59:07,0
50,2024-08-14 05:01:07,0
51,2024-08-14 05:03:07,0
40,2024-08-14 05:05:07,0
69,2024-08-14 05:07:07,0
73,2024-08-14 05:09:07,0
46,2024-08-14 05:11:07,0
58,2024-08-14 05:13:07,0
55,2024-08-14 05:15:07,0
61,2024-08-14 05:17:07,0
58,2024-08-14 05:19:07,0
56,2024-08-14 05:21:07,0
55,2024-08-14 05:23:07,0
75,2024-08-14 05:25:07,0
54,2024-08-14 05:27:07,0
53,2024-08-14 05:29:07,0
70,2024-08-14 05:31:07,0
51,2024-08-14 05:33:07,0
66,2024-08-14 05:35:07,0
84,2024-08-14 05:37:07,0
41,2024-08-14 05:39:07,0
56,2024-08-14 05:41:07,0
83,2024-08-14 05:43:07,0
61,2024-08-14 05:45:07,0
53,2024-08-14 05:47:07,0
96,2024-08-14 05:49:07,0
58,2024-08-14 05:51:07,0
60,2024-08-14 05:53:07,0
103,2024-08-14 05:55:07,0
73,2024-08-14 05:57:07,2
75,2024-08-14 05:59:07,0
81,2024-08-14 06:01:07,0
63,2024-08-14 06:03:07,0
81,2024-08-14 06:05:07,0
65,2024-08-14 06:07:07,0
62,2024-08-14 06:09:07,0
93,2024-08-14 06:11:07,0
70,2024-08-14 06:13:07,0
71,2024-08-14 06:15:07,0
93,2024-08-14 06:17:07,0
80,2024-08-14 06:19:07,0
69,2024-08-14 06:21:07,0
77,2024-08-14 06:23:07,0
89,2024-08-14 06:25:07,1
72,2024-08-14 06:27:07,0
94,2024-08-14 06:29:07,0
81,2024-08-14 06:31:07,0
83,2024-08-14 06:33:07,0
103,2024-08-14 06:35:07,0
89,2024-08-14 06:37:07,0
96,2024-08-14 06:39:07,0
90,2024-08-14 06:41:07,0
97,2024-08-14 06:43:07,0
76,2024-08-14 06:45:07,0
113,2024-08-14 06:47:07,0
116,2024-08-14 06:49:07,0
87,2024-08-14 06:51:07,0
111,2024-08-14 06:53:07,0
113,2024-08-14 06:55:07,2
78,2024-08-14 06:57:07,0
112,2024-08-14 06:59:07,0
139,2024-08-14 07:01:07,0
104,2024-08-14 07:03:07,0
104,2024-08-14 07:05:07,0
163,2024-08-14 07:07:07,0
130,2024-08-14 07:09:07,0
110,2024-08-14 07:11:07,0
140,2024-08-14 07:13:07,2
137,2024-08-14 07:15:07,0
87,2024-08-14 07:17:07,0
136,2024-08-14 07:19:07,0
159,2024-08-14 07:21:07,0
128,2024-08-14 07:23:07,0
154,2024-08-14 07:25:07,0
172,2024-08-14 07:27:07,2
139,2024-08-14 07:29:07,0
143,2024-08-14 07:31:07,2
169,2024-08-14 07:33:07,0
178,2024-08-14 07:35:07,0
151,2024-08-14 07:37:07,0
178,2024-08-14 07:39:07,0
176,2024-08-14 07:41:07,0
159,2024-08-14 07:43:07,0
149,2024-08-14 07:45:07,0
213,2024-08-14 07:47:07,0
150,2024-08-14 07:49:07,0
176,2024-08-14 07:51:07,0
149,2024-08-14 07:53:07,0
185,2024-08-14 07:55:07,0
167,2024-08-14 07:57:07,0
178,2024-08-14 07:59:07,0
248,2024-08-14 08:01:07,0
188,2024-08-14 08:03:07,0
170,2024-08-14 08:05:07,0
220,2024-08-14 08:07:07,0
250,2024-08-14 08:09:07,0
201,2024-08-14 08:11:07,0
196,2024-08-14 08:13:07,0
235,2024-08-14 08:15:07,0
229,2024-08-14 08:17:07,0
202,2024-08-14 08:19:07,0
178,2024-08-14 08:21:07,0
273,2024-08-14 08:23:07,1
218,2024-08-14 08:25:07,0
209,2024-08-14 08:27:07,0
202,2024-08-14 08:29:07,3
296,2024-08-14 08:31:07,0
214,2024-08-14 08:33:07,0
205,2024-08-14 08:35:07,0
246,2024-08-14 08:37:07,0
287,2024-08-14 08:39:07,0
219,2024-08-14 08:41:07,0
232,2024-08-14 08:43:07,0
257,2024-08-14 08:45:07,0
272,2024-08-14 08:47:07,0
242,2024-08-14 08:49:07,0
238,2024-08-14 08:51:07,0
343,2024-08-14 08:53:07,0
330,2024-08-14 08:55:07,2
266,2024-08-14 08:57:07,2
250,2024-08-14 08:59:07,0
336,2024-08-14 09:01:07,0
327,2024-08-14 09:03:07,0
291,2024-08-14 09:05:07,0
281,2024-08-14 09:07:07,0
326,2024-08-14 09:09:07,0
335,2024-08-14 09:11:07,0
304,2024-08-14 09:13:07,0
296,2024-08-14 09:15:07,0
370,2024-08-14 09:17:07,0
365,2024-08-14 09:19:07,0
325,2024-08-14 09:21:07,0
325,2024-08-14 09:23:07,0
382,2024-08-14 09:25:07,2
358,2024-08-14 09:27:07,2
307,2024-08-14 09:29:07,0
315,2024-08-14 09:31:07,1
372,2024-08-14 09:33:07,2
356,2024-08-14 09:35:07,0
363,2024-08-14 09:37:07,0
287,2024-08-14 09:39:07,0
349,2024-08-14 09:41:07,0
402,2024-08-14 09:43:07,0
365,2024-08-14 09:45:07,0
329,2024-08-14 09:47:07,0
378,2024-08-14 09:49:07,0
403,2024-08-14 09:51:07,0
428,2024-08-14 09:53:07,0
420,2024-08-14 09:55:07,0
372,2024-08-14 09:57:07,0
385,2024-08-14 09:59:07,0
411,2024-08-14 10:01:07,0
449,2024-08-14 10:03:07,0
424,2024-08-14 10:05:07,0
410,2024-08-14 10:07:07,2
374,2024-08-14 10:09:07,2
455,2024-08-14 10:11:07,0
461,2024-08-14 10:13:07,0
464,2024-08-14 10:15:07,0
386,2024-08-14 10:17:07,0
440,2024-08-14 10:19:07,6
441,2024-08-14 10:21:07,0
488,2024-08-14 10:23:07,0
477,2024-08-14 10:25:07,2
431,2024-08-14 10:27:07,0
378,2024-08-14 10:29:07,0
401,2024-08-14 10:31:07,0
503,2024-08-14 10:33:07,2
521,2024-08-14 10:35:07,1
482,2024-08-14 10:37:07,0
458,2024-08-14 10:39:07,2
431,2024-08-14 10:41:07,0
449,2024-08-14 10:43:07,2
560,2024-08-14 10:45:07,2
526,2024-08-14 10:47:07,2
494,2024-08-14 10:49:07,2
486,2024-08-14 10:51:07,0
496,2024-08-14 10:53:07,1
438,2024-08-14 10:55:07,0
519,2024-08-14 10:57:07,0
536,2024-08-14 10:59:07,0
566,2024-08-14 11:01:07,0
520,2024-08-14 11:03:07,2
498,2024-08-14 11:05:07,2
540,2024-08-14 11:07:07,3
562,2024-08-14 11:09:07,0
593,2024-08-14 11:11:07,0
594,2024-08-14 11:13:07,0
543,2024-08-14 11:15:07,1
499,2024-08-14 11:17:07,0
603,2024-08-14 11:19:07,0
612,2024-08-14 11:21:07,0
611,2024-08-14 11:23:07,0
577,2024-08-14 11:25:07,2
567,2024-08-14 11:27:07,0
521,2024-08-14 11:29:07,2
567,2024-08-14 11:31:07,0
517,2024-08-14 11:33:07,0
577,2024-08-14 11:35:07,0
588,2024-08-14 11:37:07,0
726,2024-08-14 11:39:07,0
569,2024-08-14 11:41:07,0
523,2024-08-14 11:43:07,0
560,2024-08-14 11:45:07,0
623,2024-08-14 11:47:07,0
606,2024-08-14 11:49:07,0
603,2024-08-14 11:51:07,4
593,2024-08-14 11:53:07,1
532,2024-08-14 11:55:07,0
569,2024-08-14 11:57:07,2
525,2024-08-14 11:59:07,0
589,2024-08-14 12:01:07,4
596,2024-08-14 12:03:07,0
581,2024-08-14 12:05:07,2
629,2024-08-14 12:07:07,1
612,2024-08-14 12:09:07,1
527,2024-08-14 12:11:07,0
513,2024-08-14 12:13:07,0
590,2024-08-14 12:15:07,0
587,2024-08-14 12:17:07,0
623,2024-08-14 12:19:07,2
627,2024-08-14 12:21:07,5
591,2024-08-14 12:23:07,0
549,2024-08-14 12:25:07,0
555,2024-08-14 12:27:07,0
628,2024-08-14 12:29:07,0
662,2024-08-14 12:31:07,2
641,2024-08-14 12:33:07,3
616,2024-08-14 12:35:07,0
564,2024-08-14 12:37:07,1
585,2024-08-14 12:39:07,0
621,2024-08-14 12:41:07,2
630,2024-08-14 12:43:07,0
618,2024-08-14 12:45:07,0
616,2024-08-14 12:47:07,2
634,2024-08-14 12:49:07,2
598,2024-08-14 12:51:07,0
553,2024-08-14 12:53:07,0
582,2024-08-14 12:55:07,0
625,2024-08-14 12:57:07,0
616,2024-08-14 12:59:07,0
620,2024-08-14 13:01:07,0
565,2024-08-14 13:03:07,0
564,2024-08-14 13:05:07,0
532,2024-08-14 13:07:07,0
540,2024-08-14 13:09:07,2
638,2024-08-14 13:11:07,0
616,2024-08-14 13:13:07,0
615,2024-08-14 13:15:07,1
573,2024-08-14 13:17:07,0
596,2024-08-14 13:19:07,0
542,2024-08-14 13:21:07,0
574,2024-08-14 13:23:07,0
658,2024-08-14 13:25:07,0
553,2024-08-14 13:27:07,2
589,2024-08-14 13:29:07,0
557,2024-08-14 13:31:07,0
522,2024-08-14 13:33:07,4
602,2024-08-14 13:35:07,0
571,2024-08-14 13:37:07,2
607,2024-08-14 13:39:07,0
590,2024-08-14 13:41:07,3
563,2024-08-14 13:43:07,0
473,2024-08-14 13:45:07,2
565,2024-08-14 13:47:07,0
606,2024-08-14 13:49:07,0
594,2024-08-14 13:51:07,4
583,2024-08-14 13:53:07,0
517,2024-08-14 13:55:07,2
562,2024-08-14 13:57:07,0
584,2024-08-14 13:59:07,1
611,2024-08-14 14:01:07,1
621,2024-08-14 14:03:07,0
577,2024-08-14 14:05:07,0
610,2024-08-14 14:07:07,0
513,2024-08-14 14:09:07,0
523,2024-08-14 14:11:07,0
564,2024-08-14 14:13:07,2
625,2024-08-14 14:15:07,6
603,2024-08-14 14:17:07,2
568,2024-08-14 14:19:07,5
603,2024-08-14 14:21:07,0
582,2024-08-14 14:23:07,0
566,2024-08-14 14:25:07,0
623,2024-08-14 14:27:07,0
616,2024-08-14 14:29:07,0
726,2024-08-14 14:31:07,0
587,2024-08-14 14:33:07,0
567,2024-08-14 14:35:07,0
558,2024-08-14 14:37:07,0
553,2024-08-14 14:39:07,0
638,2024-08-14 14:41:07,2
577,2024-08-14 14:43:07,0
541,2024-08-14 14:45:07,0
530,2024-08-14 14:47:07,0
535,2024-08-14 14:49:07,0
584,2024-08-14 14:51:07,2
591,2024-08-14 14:53:07,6
618,2024-08-14 14:55:07,1
541,2024-08-14 14:57:07,1
552,2024-08-14 14:59:07,0
569,2024-08-14 15:01:07,0
587,2024-08-14 15:03:07,0
594,2024-08-14 15:05:07,1
561,2024-08-14 15:07:07,8
642,2024-08-14 15:09:07,0
617,2024-08-14 15:11:07,3
555,2024-08-14 15:13:07,0
587,2024-08-14 15:15:07,0
584,2024-08-14 15:17:07,0
644,2024-08-14 15:19:07,3
692,2024-08-14 15:21:07,4
619,2024-08-14 15:23:07,2
606,2024-08-14 15:25:07,0
570,2024-08-14 15:27:07,0
503,2024-08-14 15:29:07,1
525,2024-08-14 15:31:07,0
602,2024-08-14 15:33:07,2
580,2024-08-14 15:35:07,2
628,2024-08-14 15:37:07,2
641,2024-08-14 15:39:07,2
606,2024-08-14 15:41:07,0
541,2024-08-14 15:43:07,31
544,2024-08-14 15:45:07,3
623,2024-08-14 15:47:07,2
611,2024-08-14 15:49:07,0
657,2024-08-14 15:51:07,0
772,2024-08-14 15:53:07,0
592,2024-08-14 15:55:07,1
549,2024-08-14 15:57:07,0
515,2024-08-14 15:59:07,3
569,2024-08-14 16:01:07,0
599,2024-08-14 16:03:07,0
681,2024-08-14 16:05:07,0
624,2024-08-14 16:07:07,0
646,2024-08-14 16:09:07,0
584,2024-08-14 16:11:07,0
558,2024-08-14 16:13:07,0
564,2024-08-14 16:15:07,1
624,2024-08-14 16:17:07,2
642,2024-08-14 16:19:07,0
593,2024-08-14 16:21:07,0
637,2024-08-14 16:23:07,2
653,2024-08-14 16:25:07,2
615,2024-08-14 16:27:07,1
600,2024-08-14 16:29:07,1
525,2024-08-14 16:31:07,0
636,2024-08-14 16:33:07,0
640,2024-08-14 16:35:07,5
608,2024-08-14 16:37:07,0
630,2024-08-14 16:39:07,0
618,2024-08-14 16:41:07,0
635,2024-08-14 16:43:07,0
555,2024-08-14 16:45:07,2
509,2024-08-14 16:47:07,0
569,2024-08-14 16:49:07,2
620,2024-08-14 16:51:07,2
627,2024-08-14 16:53:07,2
638,2024-08-14 16:55:07,0
639,2024-08-14 16:57:07,2
635,2024-08-14 16:59:07,2
625,2024-08-14 17:01:07,0
611,2024-08-14 17:03:07,0
575,2024-08-14 17:05:07,0
543,2024-08-14 17:07:07,8
634,2024-08-14 17:09:07,22
646,2024-08-14 17:11:07,2
663,2024-08-14 17:13:07,1
666,2024-08-14 17:15:07,0
679,2024-08-14 17:17:07,1
639,2024-08-14 17:19:07,0
643,2024-08-14 17:21:07,4
671,2024-08-14 17:23:07,0
664,2024-08-14 17:25:07,0
642,2024-08-14 17:27:07,2
605,2024-08-14 17:29:07,2
570,2024-08-14 17:31:07,1
628,2024-08-14 17:33:07,0
663,2024-08-14 17:35:07,2
642,2024-08-14 17:37:07,0
658,2024-08-14 17:39:07,0
630,2024-08-14 17:41:07,2
641,2024-08-14 17:43:07,0
637,2024-08-14 17:45:07,0
609,2024-08-14 17:47:07,0
552,2024-08-14 17:49:07,0
563,2024-08-14 17:51:07,2
627,2024-08-14 17:53:07,0
590,2024-08-14 17:55:07,0
665,2024-08-14 17:57:07,0
677,2024-08-14 17:59:07,0
642,2024-08-14 18:01:07,0
609,2024-08-14 18:03:07,0
688,2024-08-14 18:05:07,2
779,2024-08-14 18:07:07,2
569,2024-08-14 18:09:07,2
620,2024-08-14 18:11:07,1
642,2024-08-14 18:13:07,1
613,2024-08-14 18:15:07,0
638,2024-08-14 18:17:07,0
630,2024-08-14 18:19:07,0
632,2024-08-14 18:21:07,0
594,2024-08-14 18:23:07,0
598,2024-08-14 18:25:07,0
619,2024-08-14 18:27:07,0
623,2024-08-14 18:29:07,3
675,2024-08-14 18:31:07,3
617,2024-08-14 18:33:07,0
713,2024-08-14 18:35:07,2
615,2024-08-14 18:37:07,0
537,2024-08-14 18:39:07,0
584,2024-08-14 18:41:07,0
630,2024-08-14 18:43:07,0
790,2024-08-14 18:45:07,4
802,2024-08-14 18:47:07,0
824,2024-08-14 18:49:07,1
683,2024-08-14 18:51:07,0
782,2024-08-14 18:53:07,0
640,2024-08-14 18:55:07,0
585,2024-08-14 18:57:07,2
553,2024-08-14 18:59:07,0
598,2024-08-14 19:01:07,3
657,2024-08-14 19:03:07,0
615,2024-08-14 19:05:07,0
620,2024-08-14 19:07:07,0
656,2024-08-14 19:09:07,3
582,2024-08-14 19:11:07,0
555,2024-08-14 19:13:07,0
567,2024-08-14 19:15:07,1
650,2024-08-14 19:17:07,0
667,2024-08-14 19:19:07,2
635,2024-08-14 19:21:07,0
635,2024-08-14 19:23:07,4
690,2024-08-14 19:25:07,2
661,2024-08-14 19:27:07,2
636,2024-08-14 19:29:07,0
607,2024-08-14 19:31:07,1
652,2024-08-14 19:33:07,0
682,2024-08-14 19:35:07,0
658,2024-08-14 19:37:07,4
692,2024-08-14 19:39:07,2
678,2024-08-14 19:41:07,0
690,2024-08-14 19:43:07,0
701,2024-08-14 19:45:07,0
657,2024-08-14 19:47:07,2
627,2024-08-14 19:49:07,0
689,2024-08-14 19:51:07,0
731,2024-08-14 19:53:07,1
656,2024-08-14 19:55:07,0
760,2024-08-14 19:57:07,2
709,2024-08-14 19:59:07,0
722,2024-08-14 20:01:07,2
710,2024-08-14 20:03:07,2
660,2024-08-14 20:05:07,0
724,2024-08-14 20:07:07,0
744,2024-08-14 20:09:07,0
728,2024-08-14 20:11:07,0
692,2024-08-14 20:13:07,0
752,2024-08-14 20:15:07,0
783,2024-08-14 20:17:07,0
743,2024-08-14 20:19:07,0
697,2024-08-14 20:21:07,2
678,2024-08-14 20:23:07,2
730,2024-08-14 20:25:07,2
787,2024-08-14 20:27:07,0
745,2024-08-14 20:29:07,0
788,2024-08-14 20:31:07,2
708,2024-08-14 20:33:07,1
781,2024-08-14 20:35:07,0
763,2024-08-14 20:37:07,3
767,2024-08-14 20:39:07,0
708,2024-08-14 20:41:07,0
737,2024-08-14 20:43:07,0
756,2024-08-14 20:45:07,4
721,2024-08-14 20:47:07,0
748,2024-08-14 20:49:07,0
750,2024-08-14 20:51:07,0
749,2024-08-14 20:53:07,0
761,2024-08-14 20:55:07,0
729,2024-08-14 20:57:07,3
913,2024-08-14 20:59:07,1
751,2024-08-14 21:01:07,0
799,2024-08-14 21:03:07,0
762,2024-08-14 21:05:07,0
756,2024-08-14 21:07:07,0
780,2024-08-14 21:09:07,0
786,2024-08-14 21:11:07,0
753,2024-08-14 21:13:07,0
785,2024-08-14 21:15:07,2
681,2024-08-14 21:17:07,2
716,2024-08-14 21:19:07,2
728,2024-08-14 21:21:07,2
776,2024-08-14 21:23:07,2
758,2024-08-14 21:25:07,1
759,2024-08-14 21:27:07,0
747,2024-08-14 21:29:07,1
763,2024-08-14 21:31:07,1
742,2024-08-14 21:33:07,4
724,2024-08-14 21:35:07,2
682,2024-08-14 21:37:07,0
662,2024-08-14 21:39:07,2
704,2024-08-14 21:41:07,0
725,2024-08-14 21:43:07,0
773,2024-08-14 21:45:07,0
765,2024-08-14 21:47:07,2
728,2024-08-14 21:49:07,2
730,2024-08-14 21:51:07,2
759,2024-08-14 21:53:07,0
693,2024-08-14 21:55:07,0
698,2024-08-14 21:57:07,0
649,2024-08-14 21:59:07,0
691,2024-08-14 22:01:07,0
760,2024-08-14 22:03:07,0
720,2024-08-14 22:05:07,0
773,2024-08-14 22:07:07,0
712,2024-08-14 22:09:07,0
756,2024-08-14 22:11:07,0
703,2024-08-14 22:13:07,4
661,2024-08-14 22:15:07,0
681,2024-08-14 22:17:07,0
698,2024-08-14 22:19:07,0
710,2024-08-14 22:21:07,0
672,2024-08-14 22:23:07,0
645,2024-08-14 22:25:07,0
622,2024-08-14 22:27:07,2
698,2024-08-14 22:29:07,0
675,2024-08-14 22:31:07,1
694,2024-08-14 22:33:07,4
688,2024-08-14 22:35:07,0
624,2024-08-14 22:37:07,2
667,2024-08-14 22:39:07,0
690,2024-08-14 22:41:07,0
681,2024-08-14 22:43:07,0
631,2024-08-14 22:45:07,0
649,2024-08-14 22:47:07,0
584,2024-08-14 22:49:07,1
563,2024-08-14 22:51:07,1
593,2024-08-14 22:53:07,0
593,2024-08-14 22:55:07,0
603,2024-08-14 22:57:07,0
614,2024-08-14 22:59:07,0
609,2024-08-14 23:01:07,0
530,2024-08-14 23:03:07,2
527,2024-08-14 23:05:07,0
526,2024-08-14 23:07:07,1
489,2024-08-14 23:09:07,0
480,2024-08-14 23:11:07,0
503,2024-08-14 23:13:07,0
491,2024-08-14 23:15:07,2
513,2024-08-14 23:17:07,1
465,2024-08-14 23:19:07,0
493,2024-08-14 23:21:07,0
532,2024-08-14 23:23:07,0
507,2024-08-14 23:25:07,0
486,2024-08-14 23:27:07,0
459,2024-08-14 23:29:07,0
440,2024-08-14 23:31:07,0
404,2024-08-14 23:33:07,0
510,2024-08-14 23:35:07,0
440,2024-08-14 23:37:07,0
441,2024-08-14 23:39:07,0
415,2024-08-14 23:41:07,0
447,2024-08-14 23:43:07,0
435,2024-08-14 23:45:07,0
465,2024-08-14 23:47:07,0
392,2024-08-14 23:49:07,0
388,2024-08-14 23:51:07,0
395,2024-08-14 23:53:07,0
426,2024-08-14 23:55:07,0
435,2024-08-14 23:57:07,0
414,2024-08-14 23:59:07,0
377,2024-08-15 00:01:07,2
449,2024-08-15 00:03:07,0
443,2024-08-15 00:05:07,1
331,2024-08-15 00:07:07,0
349,2024-08-15 00:09:07,0
343,2024-08-15 00:11:07,1
379,2024-08-15 00:13:07,2
392,2024-08-15 00:15:07,0
379,2024-08-15 00:17:07,2
358,2024-08-15 00:19:07,0
373,2024-08-15 00:21:07,0
324,2024-08-15 00:23:07,0
356,2024-08-15 00:25:07,2
286,2024-08-15 00:27:07,0
282,2024-08-15 00:29:07,0
330,2024-08-15 00:31:07,0
365,2024-08-15 00:33:07,0
324,2024-08-15 00:35:07,0
289,2024-08-15 00:37:07,0
292,2024-08-15 00:39:07,0
281,2024-08-15 00:41:07,0
235,2024-08-15 00:43:07,0
272,2024-08-15 00:45:07,2
301,2024-08-15 00:47:07,0
285,2024-08-15 00:49:07,3
239,2024-08-15 00:51:07,0
207,2024-08-15 00:53:07,0
211,2024-08-15 00:55:07,0
258,2024-08-15 00:57:07,2
297,2024-08-15 00:59:07,0
265,2024-08-15 01:01:07,2
207,2024-08-15 01:03:07,0
210,2024-08-15 01:05:07,0
237,2024-08-15 01:07:07,3
258,2024-08-15 01:09:07,0
249,2024-08-15 01:11:07,0
166,2024-08-15 01:13:07,0
172,2024-08-15 01:15:07,0
246,2024-08-15 01:17:07,0
240,2024-08-15 01:19:07,0
160,2024-08-15 01:21:07,0
154,2024-08-15 01:23:07,0
218,2024-08-15 01:25:07,0
231,2024-08-15 01:27:07,0
186,2024-08-15 01:29:07,0
151,2024-08-15 01:31:07,0
144,2024-08-15 01:33:07,0
213,2024-08-15 01:35:07,0
169,2024-08-15 01:37:07,0
131,2024-08-15 01:39:07,0
132,2024-08-15 01:41:07,0
207,2024-08-15 01:43:07,0
161,2024-08-15 01:45:07,0
130,2024-08-15 01:47:07,0
170,2024-08-15 01:49:07,0
185,2024-08-15 01:51:07,0
125,2024-08-15 01:53:07,0
134,2024-08-15 01:55:07,2
165,2024-08-15 01:57:07,2
169,2024-08-15 01:59:07,3
115,2024-08-15 02:01:07,0
130,2024-08-15 02:03:07,0
184,2024-08-15 02:05:07,3
171,2024-08-15 02:07:07,0
96,2024-08-15 02:09:07,0
105,2024-08-15 02:11:07,0
179,2024-08-15 02:13:07,0
132,2024-08-15 02:15:07,0
96,2024-08-15 02:17:07,0
117,2024-08-15 02:19:07,0
142,2024-08-15 02:21:07,0
96,2024-08-15 02:23:07,0
91,2024-08-15 02:25:07,0
142,2024-08-15 02:27:07,0
137,2024-08-15 02:29:07,0
90,2024-08-15 02:31:07,0
107,2024-08-15 02:33:07,0
147,2024-08-15 02:35:07,0
74,2024-08-15 02:37:07,0
88,2024-08-15 02:39:07,0
156,2024-08-15 02:41:07,0
72,2024-08-15 02:43:07,0
76,2024-08-15 02:45:07,0
117,2024-08-15 02:47:07,0
134,2024-08-15 02:49:07,0
74,2024-08-15 02:51:07,0
91,2024-08-15 02:53:07,2
153,2024-08-15 02:55:07,0
69,2024-08-15 02:57:07,0
89,2024-08-15 02:59:07,0
129,2024-08-15 03:01:07,0
87,2024-08-15 03:03:07,0
144,2024-08-15 03:05:07,2
79,2024-08-15 03:07:07,0
106,2024-08-15 03:09:07,0
73,2024-08-15 03:11:07,0
73,2024-08-15 03:13:07,0
127,2024-08-15 03:15:07,2
74,2024-08-15 03:17:07,0
69,2024-08-15 03:19:07,0
116,2024-08-15 03:21:07,0
79,2024-08-15 03:23:07,0
75,2024-08-15 03:25:07,0
94,2024-08-15 03:27:07,0
89,2024-08-15 03:29:07,0
78,2024-08-15 03:31:07,0
83,2024-08-15 03:33:07,0
89,2024-08-15 03:35:07,0
61,2024-08-15 03:37:07,0
58,2024-08-15 03:39:07,0
71,2024-08-15 03:41:07,0
65,2024-08-15 03:43:07,0
65,2024-08-15 03:45:07,0
95,2024-08-15 03:47:07,0
71,2024-08-15 03:49:07,0
70,2024-08-15 03:51:07,1
89,2024-08-15 03:53:07,0
88,2024-08-15 03:55:07,0
82,2024-08-15 03:57:07,0
89,2024-08-15 03:59:07,0
61,2024-08-15 04:01:07,0
58,2024-08-15 04:03:07,2
112,2024-08-15 04:05:07,20
54,2024-08-15 04:07:07,0
66,2024-08-15 04:09:07,0
75,2024-08-15 04:11:07,2
55,2024-08-15 04:13:07,0
65,2024-08-15 04:15:07,0
88,2024-08-15 04:17:07,0
56,2024-08-15 04:19:07,0
58,2024-08-15 04:21:07,0
81,2024-08-15 04:23:07,0
50,2024-08-15 04:25:07,2
35,2024-08-15 04:27:07,0
84,2024-08-15 04:29:07,0
46,2024-08-15 04:31:07,0
48,2024-08-15 04:33:07,0
73,2024-08-15 04:35:07,0
59,2024-08-15 04:37:07,0
50,2024-08-15 04:39:07,0
53,2024-08-15 04:41:07,0
53,2024-08-15 04:43:07,0
55,2024-08-15 04:45:07,0
51,2024-08-15 04:47:07,0
42,2024-08-15 04:49:07,0
68,2024-08-15 04:51:07,0
54,2024-08-15 04:53:07,0
46,2024-08-15 04:55:07,0
83,2024-08-15 04:57:07,0
43,2024-08-15 04:59:07,0
35,2024-08-15 05:01:07,2
76,2024-08-15 05:03:07,0
51,2024-08-15 05:05:07,0
45,2024-08-15 05:07:07,0
74,2024-08-15 05:09:07,0
49,2024-08-15 05:11:07,0
59,2024-08-15 05:13:07,0
74,2024-08-15 05:15:07,1
50,2024-08-15 05:17:07,0
49,2024-08-15 05:19:07,0
77,2024-08-15 05:21:07,0
49,2024-08-15 05:23:07,0
46,2024-08-15 05:25:07,0
76,2024-08-15 05:27:07,0
40,2024-08-15 05:29:07,0
42,2024-08-15 05:31:07,0
85,2024-08-15 05:33:07,0
53,2024-08-15 05:35:07,2
65,2024-08-15 05:37:07,0
70,2024-08-15 05:39:07,0
56,2024-08-15 05:41:07,0
54,2024-08-15 05:43:07,0
87,2024-08-15 05:45:07,0
44,2024-08-15 05:47:07,0
57,2024-08-15 05:49:07,0
78,2024-08-15 05:51:07,0
59,2024-08-15 05:53:07,0
77,2024-08-15 05:55:07,0
83,2024-08-15 05:57:07,0
54,2024-08-15 05:59:07,0
72,2024-08-15 06:01:07,2
64,2024-08-15 06:03:07,0
50,2024-08-15 06:05:07,0
82,2024-08-15 06:07:07,0
66,2024-08-15 06:09:07,0
67,2024-08-15 06:11:07,0
96,2024-08-15 06:13:07,0
83,2024-08-15 06:15:07,0
66,2024-08-15 06:17:07,0
83,2024-08-15 06:19:07,0
84,2024-08-15 06:21:07,0
70,2024-08-15 06:23:07,0
73,2024-08-15 06:25:07,0
87,2024-08-15 06:27:07,0
77,2024-08-15 06:29:07,0
92,2024-08-15 06:31:07,0
98,2024-08-15 06:33:07,0
83,2024-08-15 06:35:07,0
75,2024-08-15 06:37:07,0
127,2024-08-15 06:39:07,0
79,2024-08-15 06:41:07,0
78,2024-08-15 06:43:07,0
126,2024-08-15 06:45:07,0
100,2024-08-15 06:47:07,0
98,2024-08-15 06:49:07,0
123,2024-08-15 06:51:07,0
100,2024-08-15 06:53:07,1
98,2024-08-15 06:55:07,0
131,2024-08-15 06:57:07,0
103,2024-08-15 06:59:07,0
111,2024-08-15 07:01:07,0
124,2024-08-15 07:03:07,0
130,2024-08-15 07:05:07,0
126,2024-08-15 07:07:07,0
135,2024-08-15 07:09:07,0
147,2024-08-15 07:11:07,0
122,2024-08-15 07:13:07,0
112,2024-08-15 07:15:07,0
180,2024-08-15 07:17:07,0
117,2024-08-15 07:19:07,0
117,2024-08-15 07:21:07,0
170,2024-08-15 07:23:07,0
116,2024-08-15 07:25:07,0
129,2024-08-15 07:27:07,0
159,2024-08-15 07:29:07,0
169,2024-08-15 07:31:07,0
134,2024-08-15 07:33:07,0
149,2024-08-15 07:35:07,0
201,2024-08-15 07:37:07,0
171,2024-08-15 07:39:07,2
140,2024-08-15 07:41:07,0
200,2024-08-15 07:43:07,0
147,2024-08-15 07:45:07,0
137,2024-08-15 07:47:07,0
187,2024-08-15 07:49:07,0
209,2024-08-15 07:51:07,1
151,2024-08-15 07:53:07,1
164,2024-08-15 07:55:07,0
249,2024-08-15 07:57:07,0
214,2024-08-15 07:59:07,2
157,2024-08-15 08:01:07,2
182,2024-08-15 08:03:07,2
266,2024-08-15 08:05:07,0
187,2024-08-15 08:07:07,0
218,2024-08-15 08:09:07,0
211,2024-08-15 08:11:07,0
256,2024-08-15 08:13:07,2
193,2024-08-15 08:15:07,0
173,2024-08-15 08:17:07,0
227,2024-08-15 08:19:07,0
266,2024-08-15 08:21:07,0
218,2024-08-15 08:23:07,0
181,2024-08-15 08:25:07,0
264,2024-08-15 08:27:07,0
235,2024-08-15 08:29:07,0
212,2024-08-15 08:31:07,0
246,2024-08-15 08:33:07,0
286,2024-08-15 08:35:07,0
286,2024-08-15 08:37:07,0
228,2024-08-15 08:39:07,0
245,2024-08-15 08:41:07,0
261,2024-08-15 08:43:07,0
319,2024-08-15 08:45:07,0
244,2024-08-15 08:47:07,0
276,2024-08-15 08:49:07,2
282,2024-08-15 08:51:07,1
317,2024-08-15 08:53:07,0
283,2024-08-15 08:55:07,0
274,2024-08-15 08:57:07,0
279,2024-08-15 08:59:07,0
362,2024-08-15 09:01:07,0
326,2024-08-15 09:03:07,0
259,2024-08-15 09:05:07,0
292,2024-08-15 09:07:07,1
324,2024-08-15 09:09:07,2
400,2024-08-15 09:11:07,0
332,2024-08-15 09:13:07,0
304,2024-08-15 09:15:07,0
289,2024-08-15 09:17:07,1
354,2024-08-15 09:19:07,0
362,2024-08-15 09:21:07,0
398,2024-08-15 09:23:07,1
319,2024-08-15 09:25:07,0
333,2024-08-15 09:27:07,0
379,2024-08-15 09:29:07,0
440,2024-08-15 09:31:07,0
410,2024-08-15 09:33:07,1
356,2024-08-15 09:35:07,2
327,2024-08-15 09:37:07,0
346,2024-08-15 09:39:07,0
408,2024-08-15 09:41:07,3
453,2024-08-15 09:43:07,1
392,2024-08-15 09:45:07,0
385,2024-08-15 09:47:07,0
381,2024-08-15 09:49:07,0
417,2024-08-15 09:51:07,0
412,2024-08-15 09:53:07,2
448,2024-08-15 09:55:07,0
403,2024-08-15 09:57:07,0
376,2024-08-15 09:59:07,2
395,2024-08-15 10:01:07,0
439,2024-08-15 10:03:07,0
453,2024-08-15 10:05:07,0
413,2024-08-15 10:07:07,0
383,2024-08-15 10:09:07,2
419,2024-08-15 10:11:07,1
550,2024-08-15 10:13:07,0
464,2024-08-15 10:15:07,2
459,2024-08-15 10:17:07,0
528,2024-08-15 10:19:07,1
448,2024-08-15 10:21:07,0
375,2024-08-15 10:23:07,0
419,2024-08-15 10:25:07,0
503,2024-08-15 10:27:07,0
491,2024-08-15 10:29:07,1
468,2024-08-15 10:31:07,0
469,2024-08-15 10:33:07,0
443,2024-08-15 10:35:07,0
388,2024-08-15 10:37:07,0
534,2024-08-15 10:39:07,0
490,2024-08-15 10:41:07,2
547,2024-08-15 10:43:07,6
523,2024-08-15 10:45:07,0
514,2024-08-15 10:47:07,2
506,2024-08-15 10:49:07,1
394,2024-08-15 10:51:07,0
487,2024-08-15 10:53:07,0
494,2024-08-15 10:55:07,2
577,2024-08-15 10:57:07,1
1527,2024-08-15 10:59:07,18
557,2024-08-15 11:01:07,0
824,2024-08-15 11:03:07,3
566,2024-08-15 11:05:07,0
542,2024-08-15 11:07:07,2
577,2024-08-15 11:09:07,0
622,2024-08-15 11:11:07,0
611,2024-08-15 11:13:07,0
607,2024-08-15 11:15:07,0
613,2024-08-15 11:17:07,0
665,2024-08-15 11:19:07,2
628,2024-08-15 11:21:07,2
533,2024-08-15 11:23:07,0
526,2024-08-15 11:25:07,0
530,2024-08-15 11:27:07,0
592,2024-08-15 11:29:07,0
628,2024-08-15 11:31:07,0
625,2024-08-15 11:33:07,0
606,2024-08-15 11:35:07,1
623,2024-08-15 11:37:07,0
649,2024-08-15 11:39:07,1
549,2024-08-15 11:41:07,3
546,2024-08-15 11:43:07,0
628,2024-08-15 11:45:07,0
690,2024-08-15 11:47:07,0
619,2024-08-15 11:49:07,0
629,2024-08-15 11:51:07,0
612,2024-08-15 11:53:07,0
635,2024-08-15 11:55:07,1
538,2024-08-15 11:57:07,0
580,2024-08-15 11:59:07,0
582,2024-08-15 12:01:07,2
638,2024-08-15 12:03:07,0
614,2024-08-15 12:05:07,0
654,2024-08-15 12:07:07,2
645,2024-08-15 12:09:07,0
604,2024-08-15 12:11:07,2
599,2024-08-15 12:13:07,1
538,2024-08-15 12:15:07,9
537,2024-08-15 12:17:07,2
621,2024-08-15 12:19:07,0
625,2024-08-15 12:21:07,3
587,2024-08-15 12:23:07,1
631,2024-08-15 12:25:07,1
633,2024-08-15 12:27:07,2
616,2024-08-15 12:29:07,1
667,2024-08-15 12:31:07,1
563,2024-08-15 12:33:07,0
599,2024-08-15 12:35:07,2
617,2024-08-15 12:37:07,0
612,2024-08-15 12:39:07,1
649,2024-08-15 12:41:07,2
657,2024-08-15 12:43:07,0
670,2024-08-15 12:45:07,0
687,2024-08-15 12:47:07,2
687,2024-08-15 12:49:07,0
685,2024-08-15 12:51:07,0
581,2024-08-15 12:53:07,0
601,2024-08-15 12:55:07,0
586,2024-08-15 12:57:07,0
618,2024-08-15 12:59:07,1
646,2024-08-15 13:01:07,1
597,2024-08-15 13:03:07,0
618,2024-08-15 13:05:07,0
622,2024-08-15 13:07:07,2
556,2024-08-15 13:09:07,0
597,2024-08-15 13:11:07,1
562,2024-08-15 13:13:07,0
578,2024-08-15 13:15:07,0
577,2024-08-15 13:17:07,2
634,2024-08-15 13:19:07,0
599,2024-08-15 13:21:07,0
621,2024-08-15 13:23:07,0
648,2024-08-15 13:25:07,0
578,2024-08-15 13:27:07,0
552,2024-08-15 13:29:07,0
509,2024-08-15 13:31:07,0
613,2024-08-15 13:33:07,0
624,2024-08-15 13:35:07,0
606,2024-08-15 13:37:07,0
667,2024-08-15 13:39:07,0
616,2024-08-15 13:41:07,0
554,2024-08-15 13:43:07,0
509,2024-08-15 13:45:07,0
601,2024-08-15 13:47:07,2
570,2024-08-15 13:49:07,0
620,2024-08-15 13:51:07,0
566,2024-08-15 13:53:07,0
618,2024-08-15 13:55:07,0
606,2024-08-15 13:57:07,3
559,2024-08-15 13:59:07,0
517,2024-08-15 14:01:07,4
594,2024-08-15 14:03:07,0
620,2024-08-15 14:05:07,0
584,2024-08-15 14:07:07,0
1236,2024-08-15 14:09:07,4
601,2024-08-15 14:11:07,0
518,2024-08-15 14:13:07,0
513,2024-08-15 14:15:07,0
507,2024-08-15 14:17:07,0
535,2024-08-15 14:19:07,1
608,2024-08-15 14:21:07,0
594,2024-08-15 14:23:07,2
601,2024-08-15 14:25:07,0
622,2024-08-15 14:27:07,1
680,2024-08-15 14:29:07,0
549,2024-08-15 14:31:07,3
586,2024-08-15 14:33:07,0
543,2024-08-15 14:35:07,0
671,2024-08-15 14:37:07,0
693,2024-08-15 14:39:07,0
639,2024-08-15 14:41:07,2
637,2024-08-15 14:43:07,1
636,2024-08-15 14:45:07,4
565,2024-08-15 14:47:07,0
532,2024-08-15 14:49:07,1
561,2024-08-15 14:51:07,4
573,2024-08-15 14:53:07,0
630,2024-08-15 14:55:07,3
615,2024-08-15 14:57:07,2
569,2024-08-15 14:59:07,0
645,2024-08-15 15:01:07,0
563,2024-08-15 15:03:07,2
554,2024-08-15 15:05:07,0
593,2024-08-15 15:07:07,4
619,2024-08-15 15:09:07,0
687,2024-08-15 15:11:07,3
593,2024-08-15 15:13:07,0
626,2024-08-15 15:15:07,0
645,2024-08-15 15:17:07,0
561,2024-08-15 15:19:07,2
644,2024-08-15 15:21:07,2
619,2024-08-15 15:23:07,0
631,2024-08-15 15:25:07,3
628,2024-08-15 15:27:07,1
601,2024-08-15 15:29:07,2
625,2024-08-15 15:31:07,0
586,2024-08-15 15:33:07,1
623,2024-08-15 15:35:07,0
597,2024-08-15 15:37:07,0
555,2024-08-15 15:39:07,4
520,2024-08-15 15:41:07,1
666,2024-08-15 15:43:07,1
602,2024-08-15 15:45:07,1
618,2024-08-15 15:47:07,0
591,2024-08-15 15:49:07,0
625,2024-08-15 15:51:07,0
551,2024-08-15 15:53:07,0
534,2024-08-15 15:55:07,1
582,2024-08-15 15:57:07,1
718,2024-08-15 15:59:07,0
612,2024-08-15 16:01:07,0
591,2024-08-15 16:03:07,4
658,2024-08-15 16:05:07,8
630,2024-08-15 16:07:07,4
833,2024-08-15 16:09:07,2
624,2024-08-15 16:11:07,1
572,2024-08-15 16:13:07,12
561,2024-08-15 16:15:07,0
760,2024-08-15 16:17:07,1
615,2024-08-15 16:19:07,0
627,2024-08-15 16:21:07,2
622,2024-08-15 16:23:07,1
647,2024-08-15 16:25:07,3
591,2024-08-15 16:27:07,4
563,2024-08-15 16:29:07,1
525,2024-08-15 16:31:07,0
619,2024-08-15 16:33:07,0
617,2024-08-15 16:35:07,0
634,2024-08-15 16:37:07,0
598,2024-08-15 16:39:07,0
593,2024-08-15 16:41:07,0
629,2024-08-15 16:43:07,2
616,2024-08-15 16:45:07,1
640,2024-08-15 16:47:07,0
541,2024-08-15 16:49:07,1
566,2024-08-15 16:51:07,2
595,2024-08-15 16:53:07,2
642,2024-08-15 16:55:07,0
641,2024-08-15 16:57:07,2
813,2024-08-15 16:59:07,4
658,2024-08-15 17:01:07,0
714,2024-08-15 17:03:07,0
632,2024-08-15 17:05:07,1
699,2024-08-15 17:07:07,0
617,2024-08-15 17:09:07,0
616,2024-08-15 17:11:07,2
585,2024-08-15 17:13:07,0
644,2024-08-15 17:15:07,4
585,2024-08-15 17:17:07,0
660,2024-08-15 17:19:07,4
651,2024-08-15 17:21:07,1
656,2024-08-15 17:23:07,0
648,2024-08-15 17:25:07,0
674,2024-08-15 17:27:07,2
641,2024-08-15 17:29:07,0
665,2024-08-15 17:31:07,0
627,2024-08-15 17:33:07,0
645,2024-08-15 17:35:07,1
921,2024-08-15 17:37:07,3
651,2024-08-15 17:39:07,4
613,2024-08-15 17:41:07,0
636,2024-08-15 17:43:07,0
709,2024-08-15 17:45:07,2
623,2024-08-15 17:47:07,0
667,2024-08-15 17:49:07,6
636,2024-08-15 17:51:07,1
681,2024-08-15 17:53:07,5
660,2024-08-15 17:55:07,0
638,2024-08-15 17:57:07,2
612,2024-08-15 17:59:07,2
584,2024-08-15 18:01:07,0
606,2024-08-15 18:03:07,2
674,2024-08-15 18:05:07,1
681,2024-08-15 18:07:07,0
676,2024-08-15 18:09:07,0
661,2024-08-15 18:11:07,0
700,2024-08-15 18:13:07,0
623,2024-08-15 18:15:07,0
642,2024-08-15 18:17:07,0
655,2024-08-15 18:19:07,5
588,2024-08-15 18:21:07,6
520,2024-08-15 18:23:07,0
595,2024-08-15 18:25:07,0
643,2024-08-15 18:27:07,0
642,2024-08-15 18:29:07,0
614,2024-08-15 18:31:07,1
611,2024-08-15 18:33:07,1
636,2024-08-15 18:35:07,0
597,2024-08-15 18:37:07,0
582,2024-08-15 18:39:07,0
604,2024-08-15 18:41:07,0
674,2024-08-15 18:43:07,0
676,2024-08-15 18:45:07,0
659,2024-08-15 18:47:07,0
683,2024-08-15 18:49:07,1
653,2024-08-15 18:51:07,0
641,2024-08-15 18:53:07,2
612,2024-08-15 18:55:07,0
589,2024-08-15 18:57:07,0
620,2024-08-15 18:59:07,4
653,2024-08-15 19:01:07,2
652,2024-08-15 19:03:07,0
646,2024-08-15 19:05:07,2
646,2024-08-15 19:07:07,0
683,2024-08-15 19:09:07,2
631,2024-08-15 19:11:07,0
617,2024-08-15 19:13:07,0
612,2024-08-15 19:15:07,0
706,2024-08-15 19:17:07,5
697,2024-08-15 19:19:07,0
702,2024-08-15 19:21:07,0
624,2024-08-15 19:23:07,0
645,2024-08-15 19:25:07,2
677,2024-08-15 19:27:07,2
607,2024-08-15 19:29:07,0
655,2024-08-15 19:31:07,0
711,2024-08-15 19:33:07,1
720,2024-08-15 19:35:07,0
715,2024-08-15 19:37:07,2
659,2024-08-15 19:39:07,2
725,2024-08-15 19:41:07,2
705,2024-08-15 19:43:07,3
662,2024-08-15 19:45:07,0
653,2024-08-15 19:47:07,0
726,2024-08-15 19:49:07,1
696,2024-08-15 19:51:07,0
686,2024-08-15 19:53:07,0
675,2024-08-15 19:55:07,0
701,2024-08-15 19:57:07,1
713,2024-08-15 19:59:07,0
750,2024-08-15 20:01:07,0
637,2024-08-15 20:03:07,0
658,2024-08-15 20:05:07,0
673,2024-08-15 20:07:07,0
736,2024-08-15 20:09:07,0
708,2024-08-15 20:11:07,0
755,2024-08-15 20:13:07,0
745,2024-08-15 20:15:07,0
691,2024-08-15 20:17:07,2
710,2024-08-15 20:19:07,0
777,2024-08-15 20:21:07,2
674,2024-08-15 20:23:07,0
718,2024-08-15 20:25:07,0
698,2024-08-15 20:27:07,2
747,2024-08-15 20:29:07,0
776,2024-08-15 20:31:07,1
760,2024-08-15 20:33:07,0
771,2024-08-15 20:35:07,4
784,2024-08-15 20:37:07,0
749,2024-08-15 20:39:07,0
735,2024-08-15 20:41:07,0
750,2024-08-15 20:43:07,1
730,2024-08-15 20:45:07,0
751,2024-08-15 20:47:07,0
771,2024-08-15 20:49:07,4
813,2024-08-15 20:51:07,0
785,2024-08-15 20:53:07,0
751,2024-08-15 20:55:07,0
776,2024-08-15 20:57:07,0
770,2024-08-15 20:59:07,0
692,2024-08-15 21:01:07,0
665,2024-08-15 21:03:07,0
668,2024-08-15 21:05:07,2
762,2024-08-15 21:07:07,7
742,2024-08-15 21:09:07,8
791,2024-08-15 21:11:07,2
784,2024-08-15 21:13:07,6
794,2024-08-15 21:15:07,4
731,2024-08-15 21:17:07,6
725,2024-08-15 21:19:07,2
670,2024-08-15 21:21:07,0
703,2024-08-15 21:23:07,0
853,2024-08-15 21:25:07,0
789,2024-08-15 21:27:07,1
705,2024-08-15 21:29:07,3
745,2024-08-15 21:31:07,4
728,2024-08-15 21:33:07,0
738,2024-08-15 21:35:07,0
775,2024-08-15 21:37:07,0
767,2024-08-15 21:39:07,0
749,2024-08-15 21:41:07,0
677,2024-08-15 21:43:07,8
653,2024-08-15 21:45:07,8
750,2024-08-15 21:47:07,7
763,2024-08-15 21:49:07,1
699,2024-08-15 21:51:07,1
759,2024-08-15 21:53:07,0
727,2024-08-15 21:55:07,3
791,2024-08-15 21:57:07,0
718,2024-08-15 21:59:07,1
754,2024-08-15 22:01:07,0
797,2024-08-15 22:03:07,1
710,2024-08-15 22:05:07,2
763,2024-08-15 22:07:07,0
689,2024-08-15 22:09:07,2
646,2024-08-15 22:11:07,0
636,2024-08-15 22:13:07,0
707,2024-08-15 22:15:07,2
721,2024-08-15 22:17:07,2
700,2024-08-15 22:19:07,0
683,2024-08-15 22:21:07,1
709,2024-08-15 22:23:07,0
678,2024-08-15 22:25:07,0
656,2024-08-15 22:27:07,0
671,2024-08-15 22:29:07,0
687,2024-08-15 22:31:07,0
648,2024-08-15 22:33:07,0
656,2024-08-15 22:35:07,0
683,2024-08-15 22:37:07,0
707,2024-08-15 22:39:07,1
622,2024-08-15 22:41:07,1
575,2024-08-15 22:43:07,0
618,2024-08-15 22:45:07,0
621,2024-08-15 22:47:07,2
654,2024-08-15 22:49:07,2
606,2024-08-15 22:51:07,0
600,2024-08-15 22:53:07,1
604,2024-08-15 22:55:07,0
566,2024-08-15 22:57:07,0
586,2024-08-15 22:59:07,2
559,2024-08-15 23:01:07,0
555,2024-08-15 23:03:07,0
543,2024-08-15 23:05:07,0
545,2024-08-15 23:07:07,0
581,2024-08-15 23:09:07,0
507,2024-08-15 23:11:07,0
495,2024-08-15 23:13:07,0
521,2024-08-15 23:15:07,0
539,2024-08-15 23:17:07,0
537,2024-08-15 23:19:07,2
477,2024-08-15 23:21:07,0
525,2024-08-15 23:23:07,0
454,2024-08-15 23:25:07,0
471,2024-08-15 23:27:07,0
480,2024-08-15 23:29:07,1
474,2024-08-15 23:31:07,0
467,2024-08-15 23:33:07,0
407,2024-08-15 23:35:07,0
394,2024-08-15 23:37:07,2
393,2024-08-15 23:39:07,5
411,2024-08-15 23:41:07,2
416,2024-08-15 23:43:07,0
404,2024-08-15 23:45:07,0
418,2024-08-15 23:47:07,0
434,2024-08-15 23:49:07,0
359,2024-08-15 23:51:07,0
328,2024-08-15 23:53:07,0
341,2024-08-15 23:55:07,0
391,2024-08-15 23:57:07,0
376,2024-08-15 23:59:07,0
361,2024-08-16 00:01:07,0
425,2024-08-16 00:03:07,2
467,2024-08-16 00:05:07,2
448,2024-08-16 00:07:07,0
367,2024-08-16 00:09:07,0
371,2024-08-16 00:11:07,2
378,2024-08-16 00:13:07,0
360,2024-08-16 00:15:07,1
384,2024-08-16 00:17:07,6
384,2024-08-16 00:19:07,0
369,2024-08-16 00:21:07,0
375,2024-08-16 00:23:07,2
343,2024-08-16 00:25:07,0
280,2024-08-16 00:27:07,0
257,2024-08-16 00:29:07,0
293,2024-08-16 00:31:07,1
318,2024-08-16 00:33:07,2
322,2024-08-16 00:35:07,2
284,2024-08-16 00:37:07,4
242,2024-08-16 00:39:07,0
264,2024-08-16 00:41:07,2
238,2024-08-16 00:43:07,0
296,2024-08-16 00:45:07,0
294,2024-08-16 00:47:07,6
280,2024-08-16 00:49:07,0
262,2024-08-16 00:51:07,2
254,2024-08-16 00:53:07,0
233,2024-08-16 00:55:07,0
291,2024-08-16 00:57:07,2
290,2024-08-16 00:59:07,0
243,2024-08-16 01:01:07,1
195,2024-08-16 01:03:07,0
197,2024-08-16 01:05:07,0
270,2024-08-16 01:07:07,0
267,2024-08-16 01:09:07,0
230,2024-08-16 01:11:07,2
166,2024-08-16 01:13:07,0
143,2024-08-16 01:15:07,3
200,2024-08-16 01:17:07,0
247,2024-08-16 01:19:07,0
230,2024-08-16 01:21:07,4
181,2024-08-16 01:23:07,0
181,2024-08-16 01:25:07,0
214,2024-08-16 01:27:07,0
223,2024-08-16 01:29:07,0
184,2024-08-16 01:31:07,2
159,2024-08-16 01:33:07,0
145,2024-08-16 01:35:07,0
217,2024-08-16 01:37:07,0
182,2024-08-16 01:39:07,1
176,2024-08-16 01:41:07,0
148,2024-08-16 01:43:07,0
168,2024-08-16 01:45:07,0
165,2024-08-16 01:47:07,2
133,2024-08-16 01:49:07,1
126,2024-08-16 01:51:07,0
196,2024-08-16 01:53:07,0
174,2024-08-16 01:55:07,2
106,2024-08-16 01:57:07,0
122,2024-08-16 01:59:07,0
172,2024-08-16 02:01:07,0
151,2024-08-16 02:03:07,1
119,2024-08-16 02:05:07,0
115,2024-08-16 02:07:07,2
176,2024-08-16 02:09:07,2
118,2024-08-16 02:11:07,0
116,2024-08-16 02:13:07,0
103,2024-08-16 02:15:07,0
148,2024-08-16 02:17:07,0
120,2024-08-16 02:19:07,0
85,2024-08-16 02:21:07,0
139,2024-08-16 02:23:07,0
133,2024-08-16 02:25:07,0
116,2024-08-16 02:27:07,0
120,2024-08-16 02:29:07,0
155,2024-08-16 02:31:07,0
102,2024-08-16 02:33:07,0
91,2024-08-16 02:35:07,0
121,2024-08-16 02:37:07,0
118,2024-08-16 02:39:07,0
86,2024-08-16 02:41:07,0
89,2024-08-16 02:43:07,0
152,2024-08-16 02:45:07,0
90,2024-08-16 02:47:07,0
85,2024-08-16 02:49:07,0
113,2024-08-16 02:51:07,0
88,2024-08-16 02:53:07,0
76,2024-08-16 02:55:07,0
99,2024-08-16 02:57:07,0
116,2024-08-16 02:59:07,0
103,2024-08-16 03:01:07,0
89,2024-08-16 03:03:07,0
174,2024-08-16 03:05:07,2
69,2024-08-16 03:07:07,0
87,2024-08-16 03:09:07,0
111,2024-08-16 03:11:07,0
72,2024-08-16 03:13:07,0
68,2024-08-16 03:15:07,0
99,2024-08-16 03:17:07,0
89,2024-08-16 03:19:07,0
66,2024-08-16 03:21:07,0
76,2024-08-16 03:23:07,0
84,2024-08-16 03:25:07,0
49,2024-08-16 03:27:07,0
69,2024-08-16 03:29:07,0
113,2024-08-16 03:31:07,0
61,2024-08-16 03:33:07,0
71,2024-08-16 03:35:07,0
93,2024-08-16 03:37:07,0
60,2024-08-16 03:39:07,0
59,2024-08-16 03:41:07,0
94,2024-08-16 03:43:07,0
79,2024-08-16 03:45:07,0
54,2024-08-16 03:47:07,0
105,2024-08-16 03:49:07,0
82,2024-08-16 03:51:07,0
81,2024-08-16 03:53:07,0
79,2024-08-16 03:55:07,0
79,2024-08-16 03:57:07,0
52,2024-08-16 03:59:07,0
97,2024-08-16 04:01:07,1
73,2024-08-16 04:03:07,0
66,2024-08-16 04:05:07,0
81,2024-08-16 04:07:07,0
54,2024-08-16 04:09:07,0
57,2024-08-16 04:11:07,0
84,2024-08-16 04:13:07,0
59,2024-08-16 04:15:07,0
49,2024-08-16 04:17:07,0
95,2024-08-16 04:19:07,0
53,2024-08-16 04:21:07,0
51,2024-08-16 04:23:07,0
91,2024-08-16 04:25:07,0
60,2024-08-16 04:27:07,0
56,2024-08-16 04:29:07,0
74,2024-08-16 04:31:07,0
43,2024-08-16 04:33:07,0
37,2024-08-16 04:35:07,0
81,2024-08-16 04:37:07,0
67,2024-08-16 04:39:07,0
52,2024-08-16 04:41:07,0
65,2024-08-16 04:43:07,0
42,2024-08-16 04:45:07,0
34,2024-08-16 04:47:07,0
77,2024-08-16 04:49:07,0
54,2024-08-16 04:51:07,0
46,2024-08-16 04:53:07,0
76,2024-08-16 04:55:07,0
54,2024-08-16 04:57:07,0
55,2024-08-16 04:59:07,0
96,2024-08-16 05:01:07,0
47,2024-08-16 05:03:07,0
41,2024-08-16 05:05:07,0
70,2024-08-16 05:07:07,0
56,2024-08-16 05:09:07,0
48,2024-08-16 05:11:07,0
57,2024-08-16 05:13:07,0
45,2024-08-16 05:15:07,0
64,2024-08-16 05:17:07,0
51,2024-08-16 05:19:07,0
50,2024-08-16 05:21:07,0
60,2024-08-16 05:23:07,0
57,2024-08-16 05:25:07,0
50,2024-08-16 05:27:07,2
82,2024-08-16 05:29:07,0
39,2024-08-16 05:31:07,0
65,2024-08-16 05:33:07,0
80,2024-08-16 05:35:07,0
45,2024-08-16 05:37:07,0
46,2024-08-16 05:39:07,0
94,2024-08-16 05:41:07,0
56,2024-08-16 05:43:07,0
55,2024-08-16 05:45:07,0
81,2024-08-16 05:47:07,0
75,2024-08-16 05:49:07,0
70,2024-08-16 05:51:07,0
96,2024-08-16 05:53:07,0
72,2024-08-16 05:55:07,0
60,2024-08-16 05:57:07,0
101,2024-08-16 05:59:07,0
70,2024-08-16 06:01:07,0
55,2024-08-16 06:03:07,0
102,2024-08-16 06:05:07,0
77,2024-08-16 06:07:07,0
60,2024-08-16 06:09:07,0
103,2024-08-16 06:11:07,0
66,2024-08-16 06:13:07,0
89,2024-08-16 06:15:07,0
95,2024-08-16 06:17:07,4
66,2024-08-16 06:19:07,0
77,2024-08-16 06:21:07,0
106,2024-08-16 06:23:07,0
95,2024-08-16 06:25:07,0
74,2024-08-16 06:27:07,0
112,2024-08-16 06:29:07,0
80,2024-08-16 06:31:07,0
81,2024-08-16 06:33:07,0
117,2024-08-16 06:35:07,0
93,2024-08-16 06:37:07,0
97,2024-08-16 06:39:07,0
124,2024-08-16 06:41:07,0
94,2024-08-16 06:43:07,0
87,2024-08-16 06:45:07,0
118,2024-08-16 06:47:07,0
106,2024-08-16 06:49:07,0
115,2024-08-16 06:51:07,0
125,2024-08-16 06:53:07,0
101,2024-08-16 06:55:07,0
99,2024-08-16 06:57:07,6
116,2024-08-16 06:59:07,0
142,2024-08-16 07:01:07,0
118,2024-08-16 07:03:07,0
119,2024-08-16 07:05:07,0
150,2024-08-16 07:07:07,1
117,2024-08-16 07:09:07,0
126,2024-08-16 07:11:07,0
186,2024-08-16 07:13:07,0
106,2024-08-16 07:15:07,0
129,2024-08-16 07:17:07,0
167,2024-08-16 07:19:07,0
144,2024-08-16 07:21:07,2
147,2024-08-16 07:23:07,0
158,2024-08-16 07:25:07,4
183,2024-08-16 07:27:07,0
133,2024-08-16 07:29:07,0
139,2024-08-16 07:31:07,0
206,2024-08-16 07:33:07,0
164,2024-08-16 07:35:07,0
152,2024-08-16 07:37:07,0
179,2024-08-16 07:39:07,0
194,2024-08-16 07:41:07,0
134,2024-08-16 07:43:07,0
146,2024-08-16 07:45:07,0
187,2024-08-16 07:47:07,0
191,2024-08-16 07:49:07,0
158,2024-08-16 07:51:07,0
179,2024-08-16 07:53:07,0
195,2024-08-16 07:55:07,0
152,2024-08-16 07:57:07,0
173,2024-08-16 07:59:07,1
230,2024-08-16 08:01:07,0
183,2024-08-16 08:03:07,0
200,2024-08-16 08:05:07,0
183,2024-08-16 08:07:07,0
233,2024-08-16 08:09:07,2
198,2024-08-16 08:11:07,0
204,2024-08-16 08:13:07,0
237,2024-08-16 08:15:07,1
239,2024-08-16 08:17:07,0
187,2024-08-16 08:19:07,0
217,2024-08-16 08:21:07,0
286,2024-08-16 08:23:07,0
247,2024-08-16 08:25:07,0
208,2024-08-16 08:27:07,2
215,2024-08-16 08:29:07,0
250,2024-08-16 08:31:07,0
268,2024-08-16 08:33:07,0
224,2024-08-16 08:35:07,0
259,2024-08-16 08:37:07,0
273,2024-08-16 08:39:07,0
275,2024-08-16 08:41:07,0
254,2024-08-16 08:43:07,1
256,2024-08-16 08:45:07,0
299,2024-08-16 08:47:07,0
575,2024-08-16 08:49:07,2
247,2024-08-16 08:51:07,0
246,2024-08-16 08:53:07,0
284,2024-08-16 08:55:07,0
345,2024-08-16 08:57:07,0
313,2024-08-16 08:59:07,1
290,2024-08-16 09:01:07,0
289,2024-08-16 09:03:07,2
370,2024-08-16 09:05:07,2
290,2024-08-16 09:07:07,1
300,2024-08-16 09:09:07,2
321,2024-08-16 09:11:07,0
397,2024-08-16 09:13:07,2
319,2024-08-16 09:15:07,0
290,2024-08-16 09:17:07,0
304,2024-08-16 09:19:07,0
338,2024-08-16 09:21:07,0
376,2024-08-16 09:23:07,0
381,2024-08-16 09:25:07,0
353,2024-08-16 09:27:07,0
326,2024-08-16 09:29:07,0
379,2024-08-16 09:31:07,6
349,2024-08-16 09:33:07,0
341,2024-08-16 09:35:07,0
374,2024-08-16 09:37:07,0
348,2024-08-16 09:39:07,0
594,2024-08-16 09:41:07,3
394,2024-08-16 09:43:07,0
331,2024-08-16 09:45:07,0
349,2024-08-16 09:47:07,0
390,2024-08-16 09:49:07,0
416,2024-08-16 09:51:07,0
428,2024-08-16 09:53:07,0
387,2024-08-16 09:55:07,1
415,2024-08-16 09:57:07,0
417,2024-08-16 09:59:07,0
596,2024-08-16 10:01:07,2
488,2024-08-16 10:03:07,3
479,2024-08-16 10:05:07,0
394,2024-08-16 10:07:07,0
344,2024-08-16 10:09:07,0
460,2024-08-16 10:11:07,0
450,2024-08-16 10:13:07,0
532,2024-08-16 10:15:07,1
433,2024-08-16 10:17:07,0
372,2024-08-16 10:19:07,0
438,2024-08-16 10:21:07,4
539,2024-08-16 10:23:07,0
515,2024-08-16 10:25:07,14
577,2024-08-16 10:27:07,48
409,2024-08-16 10:29:07,3
430,2024-08-16 10:31:07,3
468,2024-08-16 10:33:07,0
465,2024-08-16 10:35:07,1
497,2024-08-16 10:37:07,0
507,2024-08-16 10:39:07,0
435,2024-08-16 10:41:07,0
437,2024-08-16 10:43:07,1
521,2024-08-16 10:45:07,0
498,2024-08-16 10:47:07,0
507,2024-08-16 10:49:07,0
529,2024-08-16 10:51:07,2
451,2024-08-16 10:53:07,1
459,2024-08-16 10:55:07,2
476,2024-08-16 10:57:07,4
541,2024-08-16 10:59:07,1
587,2024-08-16 11:01:07,3
560,2024-08-16 11:03:07,2
516,2024-08-16 11:05:07,2
541,2024-08-16 11:07:07,0
586,2024-08-16 11:09:07,4
577,2024-08-16 11:11:07,0
585,2024-08-16 11:13:07,0
627,2024-08-16 11:15:07,2
601,2024-08-16 11:17:07,2
563,2024-08-16 11:19:07,0
511,2024-08-16 11:21:07,2
563,2024-08-16 11:23:07,2
629,2024-08-16 11:25:07,0
606,2024-08-16 11:27:07,0
596,2024-08-16 11:29:07,0
619,2024-08-16 11:31:07,0
515,2024-08-16 11:33:07,2
524,2024-08-16 11:35:07,2
529,2024-08-16 11:37:07,0
630,2024-08-16 11:39:07,2
595,2024-08-16 11:41:07,0
598,2024-08-16 11:43:07,3
579,2024-08-16 11:45:07,0
594,2024-08-16 11:47:07,0
519,2024-08-16 11:49:07,2
533,2024-08-16 11:51:07,1
585,2024-08-16 11:53:07,2
574,2024-08-16 11:55:07,0
621,2024-08-16 11:57:07,1
605,2024-08-16 11:59:07,0
544,2024-08-16 12:01:07,1
548,2024-08-16 12:03:07,1
532,2024-08-16 12:05:07,0
628,2024-08-16 12:07:07,2
591,2024-08-16 12:09:07,0
610,2024-08-16 12:11:07,0
556,2024-08-16 12:13:07,1
573,2024-08-16 12:15:07,4
489,2024-08-16 12:17:07,0
603,2024-08-16 12:19:07,2
577,2024-08-16 12:21:07,2
655,2024-08-16 12:23:07,0
624,2024-08-16 12:25:07,4
612,2024-08-16 12:27:07,4
606,2024-08-16 12:29:07,4
550,2024-08-16 12:31:07,0
550,2024-08-16 12:33:07,0
595,2024-08-16 12:35:07,1
600,2024-08-16 12:37:07,3
583,2024-08-16 12:39:07,0
667,2024-08-16 12:41:07,0
599,2024-08-16 12:43:07,2
550,2024-08-16 12:45:07,1
566,2024-08-16 12:47:07,0
588,2024-08-16 12:49:07,0
633,2024-08-16 12:51:07,1
644,2024-08-16 12:53:07,1
576,2024-08-16 12:55:07,0
586,2024-08-16 12:57:07,0
628,2024-08-16 12:59:07,0
630,2024-08-16 13:01:07,5
638,2024-08-16 13:03:07,0
580,2024-08-16 13:05:07,0
611,2024-08-16 13:07:07,1
580,2024-08-16 13:09:07,0
587,2024-08-16 13:11:07,0
598,2024-08-16 13:13:07,0
621,2024-08-16 13:15:07,0
599,2024-08-16 13:17:07,0
638,2024-08-16 13:19:07,0
550,2024-08-16 13:21:07,0
506,2024-08-16 13:23:07,0
517,2024-08-16 13:25:07,0
621,2024-08-16 13:27:07,0
585,2024-08-16 13:29:07,1
622,2024-08-16 13:31:07,0
635,2024-08-16 13:33:07,0
563,2024-08-16 13:35:07,0
539,2024-08-16 13:37:07,0
563,2024-08-16 13:39:07,0
654,2024-08-16 13:41:07,0
675,2024-08-16 13:43:07,2
580,2024-08-16 13:45:07,2
615,2024-08-16 13:47:07,0
562,2024-08-16 13:49:07,0
545,2024-08-16 13:51:07,1
536,2024-08-16 13:53:07,0
633,2024-08-16 13:55:07,0
574,2024-08-16 13:57:07,2
650,2024-08-16 13:59:07,0
560,2024-08-16 14:01:07,0
555,2024-08-16 14:03:07,0
517,2024-08-16 14:05:07,0
599,2024-08-16 14:07:07,0
556,2024-08-16 14:09:07,2
584,2024-08-16 14:11:07,0
595,2024-08-16 14:13:07,0
588,2024-08-16 14:15:07,0
570,2024-08-16 14:17:07,1
583,2024-08-16 14:19:07,5
580,2024-08-16 14:21:07,0
608,2024-08-16 14:23:07,0
631,2024-08-16 14:25:07,2
960,2024-08-16 14:27:07,0
734,2024-08-16 14:29:07,0
604,2024-08-16 14:31:07,0
505,2024-08-16 14:33:07,2
547,2024-08-16 14:35:07,0
586,2024-08-16 14:37:07,0
643,2024-08-16 14:39:07,0
686,2024-08-16 14:41:07,0
615,2024-08-16 14:43:07,3
540,2024-08-16 14:45:07,0
593,2024-08-16 14:47:07,0
539,2024-08-16 14:49:07,0
566,2024-08-16 14:51:07,0
627,2024-08-16 14:53:07,3
616,2024-08-16 14:55:07,0
573,2024-08-16 14:57:07,0
604,2024-08-16 14:59:07,0
520,2024-08-16 15:01:07,0
551,2024-08-16 15:03:07,5
653,2024-08-16 15:05:07,7
622,2024-08-16 15:07:07,2
638,2024-08-16 15:09:07,2
654,2024-08-16 15:11:07,0
648,2024-08-16 15:13:07,0
595,2024-08-16 15:15:07,0
574,2024-08-16 15:17:07,0
533,2024-08-16 15:19:07,0
601,2024-08-16 15:21:07,2
568,2024-08-16 15:23:07,2
630,2024-08-16 15:25:07,0
620,2024-08-16 15:27:07,0
580,2024-08-16 15:29:07,1
515,2024-08-16 15:31:07,0
544,2024-08-16 15:33:07,10
578,2024-08-16 15:35:07,0
625,2024-08-16 15:37:07,4
720,2024-08-16 15:39:07,3
621,2024-08-16 15:41:07,2
630,2024-08-16 15:43:07,0
609,2024-08-16 15:45:07,0
559,2024-08-16 15:47:07,0
656,2024-08-16 15:49:07,0
695,2024-08-16 15:51:07,8
629,2024-08-16 15:53:07,2
633,2024-08-16 15:55:07,4
587,2024-08-16 15:57:07,0
559,2024-08-16 15:59:07,0
534,2024-08-16 16:01:07,0
533,2024-08-16 16:03:07,0
651,2024-08-16 16:05:07,0
608,2024-08-16 16:07:07,2
633,2024-08-16 16:09:07,7
598,2024-08-16 16:11:07,4
621,2024-08-16 16:13:07,0
590,2024-08-16 16:15:07,1
580,2024-08-16 16:17:07,0
536,2024-08-16 16:19:07,0
593,2024-08-16 16:21:07,3
642,2024-08-16 16:23:07,0
645,2024-08-16 16:25:07,2
617,2024-08-16 16:27:07,0
641,2024-08-16 16:29:07,0
634,2024-08-16 16:31:07,0
607,2024-08-16 16:33:07,1
563,2024-08-16 16:35:07,0
695,2024-08-16 16:37:07,2
587,2024-08-16 16:39:07,0
654,2024-08-16 16:41:07,0
653,2024-08-16 16:43:07,0
608,2024-08-16 16:45:07,0
625,2024-08-16 16:47:07,1
660,2024-08-16 16:49:07,0
616,2024-08-16 16:51:07,0
640,2024-08-16 16:53:07,0
487,2024-08-16 16:55:07,0
579,2024-08-16 16:57:07,1
533,2024-08-16 16:59:07,0
688,2024-08-16 17:01:07,0
645,2024-08-16 17:03:07,0
677,2024-08-16 17:05:07,1
668,2024-08-16 17:07:07,0
625,2024-08-16 17:09:07,2
638,2024-08-16 17:11:07,0
656,2024-08-16 17:13:07,2
560,2024-08-16 17:15:07,1
545,2024-08-16 17:17:07,2
900,2024-08-16 17:19:07,3
598,2024-08-16 17:21:07,0
660,2024-08-16 17:23:07,0
604,2024-08-16 17:25:07,0
593,2024-08-16 17:27:07,0
608,2024-08-16 17:29:07,0
626,2024-08-16 17:31:07,0
535,2024-08-16 17:33:07,1
561,2024-08-16 17:35:07,1
557,2024-08-16 17:37:07,0
666,2024-08-16 17:39:07,0
612,2024-08-16 17:41:07,0
635,2024-08-16 17:43:07,0
612,2024-08-16 17:45:07,0
684,2024-08-16 17:47:07,0
669,2024-08-16 17:49:07,1
607,2024-08-16 17:51:07,0
555,2024-08-16 17:53:07,0
562,2024-08-16 17:55:07,7
591,2024-08-16 17:57:07,4
588,2024-08-16 17:59:07,1
673,2024-08-16 18:01:07,0
854,2024-08-16 18:03:07,0
875,2024-08-16 18:05:07,0
668,2024-08-16 18:07:07,0
592,2024-08-16 18:09:07,1
567,2024-08-16 18:11:07,3
635,2024-08-16 18:13:07,3
679,2024-08-16 18:15:07,4
629,2024-08-16 18:17:07,0
603,2024-08-16 18:19:07,0
654,2024-08-16 18:21:07,3
605,2024-08-16 18:23:07,0
535,2024-08-16 18:25:07,2
591,2024-08-16 18:27:07,0
657,2024-08-16 18:29:07,0
671,2024-08-16 18:31:07,3
666,2024-08-16 18:33:07,6
640,2024-08-16 18:35:07,0
605,2024-08-16 18:37:07,0
624,2024-08-16 18:39:07,0
612,2024-08-16 18:41:07,0
650,2024-08-16 18:43:07,0
594,2024-08-16 18:45:07,2
640,2024-08-16 18:47:07,0
620,2024-08-16 18:49:07,0
638,2024-08-16 18:51:07,0
618,2024-08-16 18:53:07,2
684,2024-08-16 18:55:07,0
682,2024-08-16 18:57:07,0
681,2024-08-16 18:59:07,0
611,2024-08-16 19:01:07,0
653,2024-08-16 19:03:07,1
602,2024-08-16 19:05:07,2
570,2024-08-16 19:07:07,2
621,2024-08-16 19:09:07,0
632,2024-08-16 19:11:07,1
708,2024-08-16 19:13:07,1
671,2024-08-16 19:15:07,5
716,2024-08-16 19:17:07,4
599,2024-08-16 19:19:07,0
619,2024-08-16 19:21:07,0
614,2024-08-16 19:23:07,1
627,2024-08-16 19:25:07,3
733,2024-08-16 19:27:07,3
644,2024-08-16 19:29:07,0
