"isEqualDirectSuperior failed, err=fanweiEmployee not exist in yid",[isEqualDirectSuperior] fanwei Employee not exist in yid,the employee does not exist,not find dictionary type=<:NUM:>,AuthSessionVali<:updateFanweiEmployee failed:>,"[securitySessionCheck] GetSecuritySessionFromReq failed, err=securecookie: expired timestamp [trace.id=<:SEQ:> <:transactionID:> <:spanID:>",[securitySessionCheck] CreatAndSaveSessio<:updateFanweiEmployee failed:>,[GetWeChatUserInfo] GetWeChatUserInf<:updateFanweiEmployee failed:>,[getOtpKey] <:*:> failed:>,"[SimplePost] failed, <:ERRORPost:>",can't find addEmp from updateEmp and empMapTo,[UpdateEmployee] <:SimplePos<:updateFanweiEmployee failed:>,"[updateFanweiEmployee] failed, <:updateEmployeeData:>",no employee,timestamp,unknown
0,0,157,46,0,0,0,0,0,0,0,0,0,0,2023-10-12 15:08:56,0
0,0,159,161,4,3,3,7,7,0,0,0,0,1,2023-10-12 15:10:56,1
662,662,67,115,2,1,1,0,0,1,2,1,1,0,2023-10-12 15:12:56,25
0,0,2,92,2,1,1,2,2,0,0,0,0,1,2023-10-12 15:14:56,0
662,662,217,92,5,2,2,0,0,1,0,1,1,1,2023-10-12 15:16:56,3
0,0,5,92,2,3,3,4,4,0,0,0,0,0,2023-10-12 15:18:56,9
0,0,172,161,15,1,1,3,3,0,2,0,0,1,2023-10-12 15:20:56,26
662,662,74,115,3,3,3,2,2,1,0,1,1,0,2023-10-12 15:22:56,4
0,0,4,69,5,4,4,1,1,0,0,0,0,1,2023-10-12 15:24:56,3
662,662,217,92,4,1,1,0,0,1,0,1,1,1,2023-10-12 15:26:56,9
0,0,6,92,1,0,0,0,0,0,0,0,0,0,2023-10-12 15:28:56,8
0,0,148,92,0,0,0,0,0,0,2,0,0,1,2023-10-12 15:30:56,25
662,662,72,207,1,0,0,0,0,1,0,1,1,0,2023-10-12 15:32:56,4
0,0,5,46,2,0,0,2,2,0,0,0,0,1,2023-10-12 15:34:56,4
662,662,218,115,1,2,2,1,1,1,0,1,1,1,2023-10-12 15:36:56,11
0,0,2,69,2,1,1,1,1,0,0,0,0,0,2023-10-12 15:38:56,15
662,662,163,92,2,1,1,3,3,1,2,1,1,0,2023-10-12 15:40:56,29
0,0,64,207,3,1,1,0,0,0,0,0,0,1,2023-10-12 15:42:56,4
0,0,3,0,1,0,0,0,0,0,0,0,0,1,2023-10-12 15:44:56,4
662,662,253,184,2,0,0,0,0,1,0,1,1,1,2023-10-12 15:46:56,0
0,0,83,46,0,2,2,2,2,0,0,0,0,0,2023-10-12 15:48:56,5
662,662,164,92,1,0,0,1,1,1,2,1,1,0,2023-10-12 15:50:56,29
0,0,61,207,3,1,1,0,0,0,0,0,0,1,2023-10-12 15:52:56,0
0,0,1,0,1,1,1,3,3,0,0,0,0,0,2023-10-12 15:54:56,4
662,662,224,184,1,1,1,2,2,1,0,1,1,2,2023-10-12 15:56:56,4
0,0,344,0,7,5,5,4,4,0,0,0,0,0,2023-10-12 15:58:56,6
662,662,573,184,2,2,2,0,0,1,0,1,1,1,2023-10-12 16:00:56,10
0,0,473,207,2,1,1,0,0,0,2,0,0,0,2023-10-12 16:02:56,1772
0,0,408,46,1,1,1,3,3,0,0,0,0,0,2023-10-12 16:04:56,0
662,662,577,161,1,0,0,3,3,1,0,1,1,2,2023-10-12 16:06:56,0
0,0,198,0,5,2,2,2,2,0,0,0,0,0,2023-10-12 16:08:56,6
0,0,159,184,2,1,1,2,2,0,0,0,0,1,2023-10-12 16:10:56,0
662,662,74,115,11,3,3,5,5,1,2,1,1,0,2023-10-12 16:12:56,26
0,0,5,92,0,1,1,1,1,0,0,0,0,0,2023-10-12 16:14:56,0
662,662,242,115,1,1,1,2,2,1,0,1,1,2,2023-10-12 16:16:56,36
0,0,8,46,2,0,0,0,0,0,0,0,0,0,2023-10-12 16:18:56,0
0,0,159,184,3,3,3,2,2,0,2,0,0,0,2023-10-12 16:20:56,31
662,662,66,92,1,0,0,0,0,1,0,1,1,1,2023-10-12 16:22:56,1
0,0,4,92,2,1,1,0,0,0,0,0,0,0,2023-10-12 16:24:56,0
662,662,219,92,4,1,1,1,1,1,0,1,1,2,2023-10-12 16:26:56,3
0,0,4,92,0,0,0,2,2,0,0,0,0,0,2023-10-12 16:28:56,3
0,0,161,138,2,1,1,1,1,0,2,0,0,0,2023-10-12 16:30:56,27
662,662,67,161,1,0,0,0,0,1,0,1,1,1,2023-10-12 16:32:56,0
0,0,5,46,1,1,1,0,0,0,0,0,0,0,2023-10-12 16:34:56,0
662,662,160,92,3,2,2,4,4,1,0,1,1,2,2023-10-12 16:36:56,1
0,0,3,92,1,2,2,3,3,0,0,0,0,0,2023-10-12 16:38:56,2
662,662,162,92,6,6,6,3,3,0,2,0,0,1,2023-10-12 16:40:56,31
0,0,67,207,3,1,1,0,0,1,0,1,1,0,2023-10-12 16:42:56,2
0,0,3,23,1,1,1,1,1,0,0,0,0,0,2023-10-12 16:44:56,4
662,662,221,161,2,0,0,0,0,1,0,1,1,2,2023-10-12 16:46:56,4
0,0,4,46,2,1,1,1,1,0,0,0,0,0,2023-10-12 16:48:56,0
662,662,161,69,2,2,2,5,5,1,2,1,1,1,2023-10-12 16:50:56,25
0,0,87,230,1,0,0,0,0,0,0,0,0,0,2023-10-12 16:52:56,0
0,0,5,0,6,4,4,6,6,0,0,0,0,0,2023-10-12 16:54:56,2
662,662,221,184,4,1,1,1,1,1,0,1,1,2,2023-10-12 16:56:56,4
0,0,354,23,3,0,0,0,0,0,0,0,0,0,2023-10-12 16:58:56,0
662,662,572,184,6,2,2,2,2,1,0,1,1,0,2023-10-12 17:00:56,2
0,0,481,161,2,5,5,2,2,0,2,0,0,1,2023-10-12 17:02:56,29
0,0,399,0,4,1,1,2,2,0,0,0,0,0,2023-10-12 17:04:56,4
662,662,638,184,8,1,1,0,0,1,0,1,1,2,2023-10-12 17:06:56,0
0,0,177,0,1,1,1,1,1,0,0,0,0,0,2023-10-12 17:08:56,0
662,662,157,230,5,2,2,1,1,1,0,1,1,1,2023-10-12 17:10:56,15
0,0,65,69,2,2,2,2,2,0,2,0,0,0,2023-10-12 17:12:56,25
0,0,7,92,0,0,0,0,0,0,0,0,0,0,2023-10-12 17:14:56,0
0,0,217,138,2,1,1,0,0,1,0,0,0,2,2023-10-12 17:16:56,4
0,0,7,0,1,1,1,6,6,0,0,0,0,0,2023-10-12 17:18:56,0
0,0,167,207,2,1,1,2,2,0,0,0,0,1,2023-10-12 17:20:56,2
662,662,66,92,6,5,5,5,5,1,2,1,1,0,2023-10-12 17:22:56,29
0,0,9,115,2,2,2,0,0,0,0,0,0,0,2023-10-12 17:24:56,11
662,662,218,115,0,0,0,0,0,1,0,1,1,2,2023-10-12 17:26:56,8
0,0,3,69,9,3,3,3,3,0,0,0,0,0,2023-10-12 17:28:56,4
0,0,165,161,3,2,2,1,1,0,2,0,0,1,2023-10-12 17:30:56,25
662,662,63,92,4,1,1,2,2,1,0,1,1,0,2023-10-12 17:32:56,0
0,0,2,92,1,1,1,1,1,0,0,0,0,0,2023-10-12 17:34:56,5
662,662,219,69,7,0,0,0,0,1,0,1,1,2,2023-10-12 17:36:56,2
0,0,1,115,0,2,2,1,1,0,0,0,0,0,2023-10-12 17:38:56,0
0,0,162,92,1,1,1,2,2,0,2,0,0,1,2023-10-12 17:40:56,29
662,662,61,207,4,2,2,0,0,1,0,1,1,0,2023-10-12 17:42:56,3
0,0,1,46,4,4,4,2,2,0,0,0,0,0,2023-10-12 17:44:56,4
662,662,220,92,3,1,1,2,2,1,0,1,1,2,2023-10-12 17:46:56,0
0,0,3,92,1,2,2,2,2,0,0,0,0,0,2023-10-12 17:48:56,0
662,662,161,92,3,3,3,0,0,0,2,0,0,1,2023-10-12 17:50:56,27
0,0,64,207,0,0,0,0,0,1,0,1,1,0,2023-10-12 17:52:56,0
0,0,1,0,1,0,0,0,0,0,0,0,0,0,2023-10-12 17:54:56,0
662,662,217,184,3,2,2,2,2,1,0,1,1,2,2023-10-12 17:56:56,1
0,0,350,46,4,3,3,4,4,0,0,0,0,0,2023-10-12 17:58:56,2
662,662,574,115,2,1,1,1,1,1,2,1,1,1,2023-10-12 18:00:56,797
0,0,481,207,3,4,4,2,2,0,0,0,0,0,2023-10-12 18:02:56,4
0,0,400,0,3,1,1,0,0,0,0,0,0,0,2023-10-12 18:04:56,0
662,662,624,184,2,1,1,1,1,1,0,1,1,2,2023-10-12 18:06:56,0
0,0,192,0,7,1,1,0,0,0,0,0,0,0,2023-10-12 18:08:56,0
662,662,159,184,2,3,3,2,2,1,0,1,1,1,2023-10-12 18:10:56,0
0,0,61,161,4,2,2,1,1,0,2,0,0,0,2023-10-12 18:12:56,25
0,0,4,0,3,2,2,3,3,0,0,0,0,0,2023-10-12 18:14:56,0
662,662,485,184,7,4,4,1,1,1,0,1,1,2,2023-10-12 18:16:56,5
0,0,3,0,10,3,3,2,2,0,0,0,0,0,2023-10-12 18:18:56,0
662,662,103,207,8,5,5,1,1,1,0,1,1,1,2023-10-12 18:20:56,4
0,0,61,115,2,1,1,1,1,0,2,0,0,0,2023-10-12 18:22:56,33
0,0,5,69,5,1,1,3,3,0,0,0,0,0,2023-10-12 18:24:56,0
662,662,216,138,2,2,2,4,4,1,0,1,1,2,2023-10-12 18:26:56,6
0,0,2,0,5,0,0,0,0,0,0,0,0,0,2023-10-12 18:28:56,0
0,0,165,207,4,3,3,2,2,0,0,0,0,1,2023-10-12 18:30:56,2
662,662,62,92,0,0,0,0,0,1,2,1,1,0,2023-10-12 18:32:56,31
0,0,3,92,0,0,0,1,1,0,0,0,0,0,2023-10-12 18:34:56,0
662,662,164,115,3,2,2,2,2,1,0,1,1,2,2023-10-12 18:36:56,0
0,0,1,69,4,2,2,1,1,0,0,0,0,0,2023-10-12 18:38:56,1
0,0,159,161,0,0,0,0,0,0,2,0,0,0,2023-10-12 18:40:56,25
662,662,65,92,0,0,0,0,0,1,0,1,1,1,2023-10-12 18:42:56,0
0,0,1,92,0,0,0,0,0,0,0,0,0,0,2023-10-12 18:44:56,0
662,662,220,92,0,0,0,0,0,1,0,1,1,2,2023-10-12 18:46:56,0
0,0,1,92,1,0,0,0,0,0,0,0,0,0,2023-10-12 18:48:56,1
0,0,159,115,0,0,0,0,0,0,2,0,0,0,2023-10-12 18:50:56,27
662,662,65,184,0,0,0,0,0,1,0,1,1,1,2023-10-12 18:52:56,0
0,0,1,46,0,0,0,0,0,0,0,0,0,0,2023-10-12 18:54:56,0
662,662,218,92,0,0,0,0,0,1,0,1,1,2,2023-10-12 18:56:56,0
0,0,354,92,2,1,1,1,1,0,0,0,0,0,2023-10-12 18:58:56,1
662,662,513,115,0,0,0,0,0,1,2,1,1,0,2023-10-12 19:00:56,27
0,0,479,207,3,0,0,0,0,0,0,0,0,1,2023-10-12 19:02:56,9
0,0,413,0,3,0,0,0,0,0,0,0,0,0,2023-10-12 19:04:56,11
662,662,638,184,5,1,1,1,1,1,0,1,1,2,2023-10-12 19:06:56,2
0,0,160,46,4,2,2,0,0,0,0,0,0,0,2023-10-12 19:08:56,64
662,662,159,92,0,0,0,0,0,1,2,1,1,0,2023-10-12 19:10:56,25
0,0,60,207,6,0,0,0,0,0,0,0,0,1,2023-10-12 19:12:56,1
0,0,5,0,0,2,2,1,1,0,0,0,0,0,2023-10-12 19:14:56,0
662,662,216,184,0,0,0,0,0,1,0,1,1,2,2023-10-12 19:16:56,0
0,0,2,23,0,0,0,0,0,0,0,0,0,0,2023-10-12 19:18:56,0
662,662,163,161,0,0,0,0,0,1,0,1,1,0,2023-10-12 19:20:56,0
0,0,60,161,0,0,0,0,0,0,2,0,0,1,2023-10-12 19:22:56,25
0,0,3,0,0,0,0,0,0,0,0,0,0,0,2023-10-12 19:24:56,1
662,662,219,184,0,0,0,0,0,1,0,1,1,2,2023-10-12 19:26:56,0
0,0,1,0,1,0,0,0,0,0,0,0,0,0,2023-10-12 19:28:56,0
662,662,158,230,0,0,0,1,1,1,0,1,1,0,2023-10-12 19:30:56,0
0,0,68,69,0,0,0,0,0,0,2,0,0,1,2023-10-12 19:32:56,25
0,0,1,92,0,0,0,0,0,0,0,0,0,0,2023-10-12 19:34:56,0
662,662,220,138,1,0,0,0,0,1,0,1,1,2,2023-10-12 19:36:56,0
0,0,1,0,0,0,0,0,0,0,0,0,0,0,2023-10-12 19:38:56,8
0,0,156,184,0,0,0,0,0,0,0,0,0,1,2023-10-12 19:40:56,0
662,662,67,115,0,0,0,0,0,1,2,1,1,0,2023-10-12 19:42:56,25
0,0,1,92,0,0,0,0,0,0,0,0,0,0,2023-10-12 19:44:56,0
662,662,217,115,0,0,0,1,1,1,0,1,1,2,2023-10-12 19:46:56,0
0,0,4,69,0,0,0,0,0,0,0,0,0,0,2023-10-12 19:48:56,4
0,0,159,184,0,0,0,0,0,0,2,0,0,0,2023-10-12 19:50:56,25
662,662,66,69,0,0,0,0,0,1,0,1,1,1,2023-10-12 19:52:56,0
0,0,1,92,0,0,0,0,0,0,0,0,0,0,2023-10-12 19:54:56,0
662,662,216,92,0,0,0,0,0,1,0,1,1,2,2023-10-12 19:56:56,0
0,0,353,92,0,0,0,0,0,0,0,0,0,0,2023-10-12 19:58:56,0
0,0,563,138,0,0,0,0,0,0,2,0,0,1,2023-10-12 20:00:56,25
662,662,484,184,0,0,0,0,0,1,0,1,1,0,2023-10-12 20:02:56,0
0,0,414,46,2,1,1,1,1,0,0,0,0,0,2023-10-12 20:04:56,0
662,662,630,92,0,0,0,0,0,1,0,1,1,2,2023-10-12 20:06:56,0
0,0,175,92,0,0,0,0,0,0,0,0,0,0,2023-10-12 20:08:56,0
662,662,102,69,1,1,1,2,2,0,2,0,0,1,2023-10-12 20:10:56,25
0,0,61,230,0,0,0,0,0,1,0,1,1,0,2023-10-12 20:12:56,0
0,0,5,0,0,0,0,0,0,0,0,0,0,0,2023-10-12 20:14:56,0
662,662,216,184,0,0,0,0,0,1,0,1,1,2,2023-10-12 20:16:56,0
0,0,2,46,0,0,0,0,0,0,0,0,0,0,2023-10-12 20:18:56,0
662,662,164,115,0,0,0,0,0,1,2,1,1,1,2023-10-12 20:20:56,25
0,0,61,184,0,0,0,0,0,0,0,0,0,0,2023-10-12 20:22:56,0
0,0,1,0,0,0,0,0,0,0,0,0,0,0,2023-10-12 20:24:56,6
662,662,219,184,0,0,0,0,0,1,0,1,1,2,2023-10-12 20:26:56,0
0,0,1,0,1,0,0,0,0,0,0,0,0,0,2023-10-12 20:28:56,2
662,662,160,184,0,0,0,0,0,1,0,1,1,1,2023-10-12 20:30:56,0
0,0,65,161,0,0,0,1,1,0,2,0,0,0,2023-10-12 20:32:56,27
0,0,1,0,2,0,0,0,0,0,0,0,0,0,2023-10-12 20:34:56,0
662,662,220,184,0,1,1,0,0,1,0,1,1,2,2023-10-12 20:36:56,0
0,0,1,0,2,2,2,1,1,0,0,0,0,0,2023-10-12 20:38:56,0
662,662,155,184,0,0,0,0,0,1,0,1,1,1,2023-10-12 20:40:56,1
0,0,68,115,3,2,2,2,2,0,2,0,0,0,2023-10-12 20:42:56,25
0,0,1,92,0,0,0,0,0,0,0,0,0,0,2023-10-12 20:44:56,0
662,662,100,115,0,0,0,0,0,1,0,1,1,1,2023-10-12 20:46:56,0
0,0,4,46,0,0,0,0,0,0,0,0,0,1,2023-10-12 20:48:56,0
0,0,158,184,1,1,1,2,2,0,0,0,0,0,2023-10-12 20:50:56,4
662,662,63,92,1,0,0,0,0,1,2,1,1,1,2023-10-12 20:52:56,25
0,0,4,92,0,0,0,0,0,0,0,0,0,0,2023-10-12 20:54:56,0
662,662,157,92,0,0,0,0,0,1,0,1,1,1,2023-10-12 20:56:56,0
0,0,353,92,0,0,0,0,0,0,0,0,0,1,2023-10-12 20:58:56,3
0,0,572,184,0,0,0,0,0,0,2,0,0,0,2023-10-12 21:00:56,792
662,662,479,92,0,0,0,0,0,1,0,1,1,1,2023-10-12 21:02:56,0
0,0,426,92,0,0,0,0,0,0,0,0,0,0,2023-10-12 21:04:56,0
662,662,632,69,0,0,0,0,0,1,0,1,1,1,2023-10-12 21:06:56,0
0,0,149,115,0,0,0,0,0,0,0,0,0,1,2023-10-12 21:08:56,20
650,651,155,92,1,1,1,0,0,0,2,0,0,0,2023-10-12 21:10:56,28
12,11,67,207,2,1,1,2,2,1,0,1,1,1,2023-10-12 21:12:56,2
0,0,3,23,0,0,0,0,0,0,0,0,0,0,2023-10-12 21:14:56,0
662,662,214,138,0,0,0,0,0,1,0,1,1,1,2023-10-12 21:16:56,0
0,0,6,69,0,0,0,0,0,0,0,0,0,1,2023-10-12 21:18:56,3
662,662,104,138,1,0,0,0,0,1,2,1,1,1,2023-10-12 21:20:56,25
0,0,2,161,0,0,0,0,0,0,0,0,0,0,2023-10-12 21:22:56,0
0,0,1,0,0,0,0,0,0,0,0,0,0,0,2023-10-12 21:24:56,0
662,662,156,184,0,0,0,0,0,1,0,1,1,1,2023-10-12 21:26:56,0
0,0,6,23,0,0,0,0,0,0,0,0,0,1,2023-10-12 21:28:56,0
662,662,154,138,0,0,0,0,0,1,2,1,1,1,2023-10-12 21:30:56,25
0,0,71,184,5,3,3,3,3,0,0,0,0,0,2023-10-12 21:32:56,0
0,0,1,0,0,0,0,0,0,0,0,0,0,0,2023-10-12 21:34:56,0
662,662,217,184,0,0,0,0,0,1,0,1,1,1,2023-10-12 21:36:56,0
0,0,4,0,0,0,0,0,0,0,0,0,0,1,2023-10-12 21:38:56,0
662,662,155,161,0,0,0,0,0,1,0,1,1,1,2023-10-12 21:40:56,0
0,0,70,184,0,0,0,0,0,0,2,0,0,0,2023-10-12 21:42:56,25
0,0,2,0,1,1,1,2,2,0,0,0,0,0,2023-10-12 21:44:56,0
662,662,216,184,2,1,1,1,1,1,0,1,1,1,2023-10-12 21:46:56,0
0,0,5,0,1,1,1,1,1,0,0,0,0,1,2023-10-12 21:48:56,0
662,662,154,184,2,2,2,2,2,1,0,1,1,0,2023-10-12 21:50:56,0
0,0,67,138,0,0,0,0,0,0,2,0,0,1,2023-10-12 21:52:56,25
0,0,4,46,0,0,0,0,0,0,0,0,0,0,2023-10-12 21:54:56,0
662,662,151,161,1,1,1,1,1,1,0,1,1,1,2023-10-12 21:56:56,0
0,0,363,0,6,1,1,0,0,0,0,0,0,1,2023-10-12 21:58:56,0
662,662,576,184,1,3,3,5,5,1,0,1,1,0,2023-10-12 22:00:56,0
0,0,474,184,2,1,1,0,0,0,2,0,0,1,2023-10-12 22:02:56,25
0,0,416,0,2,0,0,0,0,0,0,0,0,0,2023-10-12 22:04:56,0
662,662,637,184,0,1,1,4,4,1,0,1,1,1,2023-10-12 22:06:56,0
0,0,154,0,1,0,0,0,0,0,0,0,0,1,2023-10-12 22:08:56,0
662,662,162,161,3,0,0,1,1,1,0,1,1,0,2023-10-12 22:10:56,0
0,0,62,184,1,1,1,0,0,0,2,0,0,1,2023-10-12 22:12:56,25
0,0,3,0,1,1,1,2,2,0,0,0,0,0,2023-10-12 22:14:56,4
662,662,219,184,0,0,0,0,0,1,0,1,1,1,2023-10-12 22:16:56,0
0,0,1,0,0,0,0,0,0,0,0,0,0,1,2023-10-12 22:18:56,0
662,662,160,138,0,0,0,0,0,1,0,1,1,1,2023-10-12 22:20:56,0
0,0,64,207,0,0,0,0,0,0,2,0,0,0,2023-10-12 22:22:56,25
0,0,1,0,2,2,2,2,2,0,0,0,0,0,2023-10-12 22:24:56,4
662,662,220,184,0,0,0,0,0,1,0,1,1,1,2023-10-12 22:26:56,6
0,0,1,0,0,0,0,0,0,0,0,0,0,1,2023-10-12 22:28:56,0
662,662,159,230,1,0,0,0,0,1,0,1,1,0,2023-10-12 22:30:56,1
0,0,67,92,3,1,1,2,2,0,2,0,0,1,2023-10-12 22:32:56,42
0,0,2,46,1,3,3,0,0,0,0,0,0,0,2023-10-12 22:34:56,2
662,662,217,161,0,0,0,0,0,1,0,1,1,1,2023-10-12 22:36:56,0
0,0,4,0,2,1,1,1,1,0,0,0,0,1,2023-10-12 22:38:56,0
0,0,158,184,1,1,1,1,1,0,0,0,0,0,2023-10-12 22:40:56,4
662,662,62,115,2,0,0,0,0,1,2,1,1,1,2023-10-12 22:42:56,25
0,0,4,92,1,1,1,1,1,0,0,0,0,0,2023-10-12 22:44:56,0
662,662,214,115,2,2,2,2,2,1,0,1,1,1,2023-10-12 22:46:56,5
0,0,7,69,1,0,0,0,0,0,0,0,0,1,2023-10-12 22:48:56,0
0,0,160,161,0,0,0,0,0,0,2,0,0,0,2023-10-12 22:50:56,25
662,662,61,92,5,3,3,2,2,1,0,1,1,1,2023-10-12 22:52:56,0
0,0,5,92,2,0,0,0,0,0,0,0,0,0,2023-10-12 22:54:56,0
662,662,209,92,0,0,0,0,0,1,0,1,1,1,2023-10-12 22:56:56,0
0,0,355,92,0,0,0,0,0,0,0,0,0,1,2023-10-12 22:58:56,0
0,0,578,161,0,0,0,0,0,0,2,0,0,0,2023-10-12 23:00:56,25
662,662,472,161,0,0,0,0,0,1,0,1,1,1,2023-10-12 23:02:56,0
0,0,414,46,0,0,0,0,0,0,0,0,0,0,2023-10-12 23:04:56,0
662,662,648,92,2,2,2,1,1,1,0,1,1,1,2023-10-12 23:06:56,0
0,0,151,92,4,2,2,2,2,0,0,0,0,1,2023-10-12 23:08:56,0
662,662,158,92,6,4,4,1,1,0,2,0,0,0,2023-10-12 23:10:56,29
0,0,65,207,0,0,0,0,0,1,0,1,1,1,2023-10-12 23:12:56,0
0,0,2,23,1,0,0,2,2,0,0,0,0,0,2023-10-12 23:14:56,2
662,662,200,138,0,0,0,0,0,1,0,1,1,1,2023-10-12 23:16:56,0
0,0,21,69,0,0,0,0,0,0,0,0,0,1,2023-10-12 23:18:56,0
662,662,150,138,0,0,0,0,0,1,2,1,1,0,2023-10-12 23:20:56,25
0,0,75,161,0,0,0,0,0,0,0,0,0,1,2023-10-12 23:22:56,0
0,0,1,0,0,0,0,0,0,0,0,0,0,0,2023-10-12 23:24:56,0
662,662,218,184,0,0,0,0,0,1,0,1,1,1,2023-10-12 23:26:56,0
0,0,4,23,0,0,0,0,0,0,0,0,0,1,2023-10-12 23:28:56,0
662,662,153,207,0,0,0,0,0,1,2,1,1,1,2023-10-12 23:30:56,25
0,0,71,138,0,0,0,0,0,0,0,0,0,0,2023-10-12 23:32:56,0
0,0,2,0,0,0,0,0,0,0,0,0,0,0,2023-10-12 23:34:56,0
662,662,213,184,0,0,0,0,0,1,0,1,1,1,2023-10-12 23:36:56,0
0,0,9,23,1,0,0,0,0,0,0,0,0,1,2023-10-12 23:38:56,0
662,662,101,161,0,0,0,0,0,1,2,1,1,1,2023-10-12 23:40:56,25
0,0,61,161,1,1,1,0,0,0,0,0,0,0,2023-10-12 23:42:56,0
0,0,4,0,2,1,1,1,1,0,0,0,0,0,2023-10-12 23:44:56,0
662,662,209,184,0,1,1,0,0,1,0,1,1,1,2023-10-12 23:46:56,0
0,0,9,23,0,0,0,0,0,0,0,0,0,1,2023-10-12 23:48:56,0
662,662,163,92,1,1,1,1,1,1,0,1,1,0,2023-10-12 23:50:56,0
0,0,60,230,0,0,0,0,0,0,2,0,0,1,2023-10-12 23:52:56,25
0,0,6,0,3,1,1,0,0,0,0,0,0,0,2023-10-12 23:54:56,0
662,662,216,184,0,0,0,1,1,1,0,1,1,1,2023-10-12 23:56:56,0
0,0,1,0,0,0,0,1,1,0,0,0,0,1,2023-10-12 23:58:56,0
662,662,219,253,1,1,1,2,2,1,0,1,1,0,2023-10-13 00:00:56,764
0,0,66,92,0,0,0,0,0,0,2,0,0,1,2023-10-13 00:02:56,25
0,0,3,46,3,0,0,0,0,0,0,0,0,0,2023-10-13 00:04:56,0
662,662,205,161,0,0,0,0,0,1,0,1,1,1,2023-10-13 00:06:56,0
0,0,15,0,0,0,0,0,0,0,0,0,0,1,2023-10-13 00:08:56,0
0,0,161,230,0,0,0,0,0,0,0,0,0,1,2023-10-13 00:10:56,0
662,662,64,69,1,0,0,0,0,1,2,1,1,0,2023-10-13 00:12:56,25
0,0,1,92,0,0,0,0,0,0,0,0,0,0,2023-10-13 00:14:56,0
662,662,150,115,0,0,0,0,0,1,0,1,1,1,2023-10-13 00:16:56,12
0,0,12,46,2,1,1,0,0,0,0,0,0,1,2023-10-13 00:18:56,0
0,0,159,161,0,0,0,0,0,0,2,0,0,0,2023-10-13 00:20:56,25
662,662,66,115,0,0,0,0,0,1,0,1,1,1,2023-10-13 00:22:56,0
0,0,1,92,1,1,1,2,2,0,0,0,0,0,2023-10-13 00:24:56,0
662,662,213,92,0,0,0,0,0,1,0,1,1,1,2023-10-13 00:26:56,0
0,0,8,92,0,0,0,0,0,0,0,0,0,1,2023-10-13 00:28:56,0
0,0,99,184,0,0,0,0,0,0,2,0,0,1,2023-10-13 00:30:56,25
662,662,63,115,0,0,0,0,0,1,0,1,1,0,2023-10-13 00:32:56,0
0,0,4,46,2,0,0,0,0,0,0,0,0,0,2023-10-13 00:34:56,0
662,662,213,92,0,0,0,0,0,1,0,1,1,1,2023-10-13 00:36:56,0
0,0,9,92,0,0,0,0,0,0,0,0,0,1,2023-10-13 00:38:56,0
662,662,99,69,0,0,0,0,0,0,2,0,0,0,2023-10-13 00:40:56,27
0,0,2,230,0,0,0,0,0,1,0,1,1,1,2023-10-13 00:42:56,0
0,0,5,23,0,0,0,0,0,0,0,0,0,0,2023-10-13 00:44:56,0
662,662,214,138,0,0,0,0,0,1,0,1,1,1,2023-10-13 00:46:56,0
0,0,4,69,0,0,0,0,0,0,0,0,0,1,2023-10-13 00:48:56,0
662,662,163,92,0,0,0,0,0,1,2,1,1,0,2023-10-13 00:50:56,25
0,0,61,207,1,0,0,0,0,0,0,0,0,1,2023-10-13 00:52:56,0
0,0,2,0,0,1,1,2,2,0,0,0,0,0,2023-10-13 00:54:56,0
662,662,153,184,0,0,0,0,0,1,0,1,1,1,2023-10-13 00:56:56,0
0,0,361,23,2,0,0,0,0,0,0,0,0,1,2023-10-13 00:58:56,0
662,662,568,184,0,0,0,0,0,1,0,1,1,0,2023-10-13 01:00:56,0
0,0,476,161,0,0,0,0,0,0,2,0,0,1,2023-10-13 01:02:56,25
0,0,419,0,1,1,1,2,2,0,0,0,0,0,2023-10-13 01:04:56,0
662,662,641,184,0,0,0,0,0,1,0,1,1,1,2023-10-13 01:06:56,0
0,0,153,0,0,0,0,0,0,0,0,0,0,1,2023-10-13 01:08:56,0
662,662,100,184,0,0,0,0,0,1,0,1,1,0,2023-10-13 01:10:56,0
0,0,64,138,0,0,0,0,0,0,2,0,0,1,2023-10-13 01:12:56,25
0,0,1,46,0,0,0,0,0,0,0,0,0,0,2023-10-13 01:14:56,0
662,662,207,161,0,0,0,0,0,1,0,1,1,1,2023-10-13 01:16:56,0
0,0,16,0,1,1,1,1,1,0,0,0,0,1,2023-10-13 01:18:56,1
0,0,153,207,0,0,0,0,0,0,0,0,0,1,2023-10-13 01:20:56,0
662,662,71,92,0,0,0,0,0,1,2,1,1,0,2023-10-13 01:22:56,25
0,0,1,92,0,0,0,0,0,0,0,0,0,0,2023-10-13 01:24:56,0
662,662,204,115,0,0,0,0,0,1,0,1,1,1,2023-10-13 01:26:56,0
0,0,17,46,0,0,0,0,0,0,0,0,0,1,2023-10-13 01:28:56,0
0,0,157,207,0,0,0,0,0,0,2,0,0,1,2023-10-13 01:30:56,25
662,662,66,69,0,0,0,0,0,1,0,1,1,0,2023-10-13 01:32:56,0
0,0,4,92,0,0,0,0,0,0,0,0,0,0,2023-10-13 01:34:56,0
662,662,209,92,0,0,0,0,0,1,0,1,1,1,2023-10-13 01:36:56,0
0,0,9,92,0,0,0,0,0,0,0,0,0,1,2023-10-13 01:38:56,0
0,0,153,92,0,0,0,0,0,0,2,0,0,1,2023-10-13 01:40:56,25
662,662,69,184,0,0,0,0,0,1,0,1,1,0,2023-10-13 01:42:56,0
0,0,5,69,0,0,0,0,0,0,0,0,0,0,2023-10-13 01:44:56,0
662,662,99,92,0,0,0,0,0,1,0,1,1,1,2023-10-13 01:46:56,0
0,0,1,92,0,0,0,0,0,0,0,0,0,1,2023-10-13 01:48:56,0
653,653,163,92,0,0,0,0,0,0,2,0,0,0,2023-10-13 01:50:56,25
9,9,61,207,0,0,0,0,0,1,0,1,1,1,2023-10-13 01:52:56,0
0,0,2,23,0,1,1,1,1,0,0,0,0,0,2023-10-13 01:54:56,0
662,662,197,138,0,0,0,0,0,1,0,1,1,1,2023-10-13 01:56:56,0
0,0,23,69,0,0,0,0,0,0,0,0,0,0,2023-10-13 01:58:56,0
662,662,163,138,0,0,0,0,0,1,2,1,1,1,2023-10-13 02:00:56,25
0,0,71,184,0,0,0,0,0,0,0,0,0,1,2023-10-13 02:02:56,0
0,0,1,0,0,0,0,0,0,0,0,0,0,0,2023-10-13 02:04:56,0
662,662,161,184,0,0,0,0,0,1,0,1,1,1,2023-10-13 02:06:56,0
0,0,2,23,0,0,0,0,0,0,0,0,0,0,2023-10-13 02:08:56,0
662,662,100,138,0,0,0,0,0,1,2,1,1,1,2023-10-13 02:10:56,25
0,0,64,184,0,0,0,0,0,0,0,0,0,1,2023-10-13 02:12:56,0
0,0,2,0,0,0,0,0,0,0,0,0,0,0,2023-10-13 02:14:56,0
662,662,188,184,0,0,0,0,0,1,0,1,1,1,2023-10-13 02:16:56,0
0,0,33,0,0,0,0,0,0,0,0,0,0,0,2023-10-13 02:18:56,0
662,662,160,230,0,0,0,0,0,1,0,1,1,1,2023-10-13 02:20:56,0
0,0,61,115,0,0,0,0,0,0,2,0,0,1,2023-10-13 02:22:56,25
0,0,4,0,0,0,0,0,0,0,0,0,0,0,2023-10-13 02:24:56,0
662,662,189,184,0,0,0,0,0,1,0,1,1,1,2023-10-13 02:26:56,0
0,0,32,0,0,0,0,0,0,0,0,0,0,0,2023-10-13 02:28:56,0
662,662,159,161,0,0,0,0,0,1,0,1,1,2,2023-10-13 02:30:56,0
0,0,63,138,0,0,0,0,0,0,2,0,0,0,2023-10-13 02:32:56,25
0,0,5,92,0,0,0,0,0,0,0,0,0,0,2023-10-13 02:34:56,0
662,662,183,115,0,0,0,0,0,1,0,1,1,1,2023-10-13 02:36:56,0
0,0,35,46,0,0,0,0,0,0,0,0,0,0,2023-10-13 02:38:56,0
0,0,161,207,0,0,0,0,0,0,0,0,0,1,2023-10-13 02:40:56,2
662,662,61,69,0,0,0,0,0,1,2,1,1,1,2023-10-13 02:42:56,25
0,0,2,92,0,0,0,0,0,0,0,0,0,0,2023-10-13 02:44:56,0
662,662,190,92,0,0,0,0,0,1,0,1,1,1,2023-10-13 02:46:56,0
0,0,30,92,0,0,0,0,0,0,0,0,0,0,2023-10-13 02:48:56,0
0,0,163,115,0,0,0,0,0,0,2,0,0,1,2023-10-13 02:50:56,25
662,662,61,161,0,0,0,0,0,1,0,1,1,1,2023-10-13 02:52:56,0
0,0,2,69,0,0,0,0,0,0,0,0,0,0,2023-10-13 02:54:56,0
662,662,194,92,0,0,0,0,0,1,0,1,1,1,2023-10-13 02:56:56,0
0,0,387,92,0,0,0,0,0,0,0,0,0,0,2023-10-13 02:58:56,0
0,0,575,138,0,0,0,0,0,0,2,0,0,1,2023-10-13 03:00:56,789
662,662,497,161,0,0,0,0,0,1,0,1,1,1,2023-10-13 03:02:56,0
0,0,420,69,0,0,0,0,0,0,0,0,0,0,2023-10-13 03:04:56,0
662,662,590,92,0,0,0,0,0,1,0,1,1,1,2023-10-13 03:06:56,0
0,0,109,92,0,0,0,0,0,0,0,0,0,0,2023-10-13 03:08:56,0
0,0,148,138,0,0,0,0,0,0,2,0,0,1,2023-10-13 03:10:56,25
662,662,17,138,0,0,0,0,0,1,0,1,1,1,2023-10-13 03:12:56,0
0,0,1,69,0,0,0,0,0,0,0,0,0,0,2023-10-13 03:14:56,0
662,662,157,92,0,0,0,0,0,1,0,1,1,1,2023-10-13 03:16:56,0
0,0,5,92,0,0,0,0,0,0,0,0,0,0,2023-10-13 03:18:56,0
662,662,148,138,0,0,0,0,0,1,2,1,1,1,2023-10-13 03:20:56,25
0,0,14,161,0,0,0,0,0,0,0,0,0,1,2023-10-13 03:22:56,0
0,0,4,0,0,0,0,0,0,0,0,0,0,0,2023-10-13 03:24:56,0
662,662,185,184,0,0,0,0,0,1,0,1,1,1,2023-10-13 03:26:56,0
0,0,35,46,0,0,0,0,0,0,0,0,0,0,2023-10-13 03:28:56,0
662,662,161,115,0,0,0,0,0,1,2,1,1,2,2023-10-13 03:30:56,25
0,0,62,184,0,0,0,0,0,0,0,0,0,0,2023-10-13 03:32:56,0
0,0,6,0,0,0,0,0,0,0,0,0,0,0,2023-10-13 03:34:56,0
662,662,186,184,0,0,0,0,0,1,0,1,1,1,2023-10-13 03:36:56,0
0,0,32,23,0,0,0,0,0,0,0,0,0,0,2023-10-13 03:38:56,0
662,662,163,161,0,0,0,0,0,1,2,1,1,2,2023-10-13 03:40:56,25
0,0,60,161,0,0,0,0,0,0,0,0,0,0,2023-10-13 03:42:56,0
0,0,2,0,0,0,0,0,0,0,0,0,0,0,2023-10-13 03:44:56,0
662,662,187,184,0,0,0,0,0,1,0,1,1,1,2023-10-13 03:46:56,0
0,0,33,0,0,0,0,0,0,0,0,0,0,0,2023-10-13 03:48:56,0
662,662,149,207,0,0,0,0,0,1,2,1,1,2,2023-10-13 03:50:56,25
0,0,76,115,1,1,1,0,0,0,0,0,0,0,2023-10-13 03:52:56,0
0,0,1,23,0,0,0,0,0,0,0,0,0,0,2023-10-13 03:54:56,0
662,662,194,184,0,0,0,0,0,1,0,1,1,1,2023-10-13 03:56:56,0
0,0,387,0,0,0,0,0,0,0,0,0,0,0,2023-10-13 03:58:56,0
662,662,576,230,0,0,0,0,0,1,2,1,1,1,2023-10-13 04:00:56,25
0,0,502,138,0,0,0,0,0,0,0,0,0,1,2023-10-13 04:02:56,0
0,0,425,0,0,0,0,0,0,0,0,0,0,0,2023-10-13 04:04:56,0
662,662,616,184,0,0,0,0,0,1,0,1,1,1,2023-10-13 04:06:56,0
0,0,134,0,0,0,0,0,0,0,0,0,0,0,2023-10-13 04:08:56,0
662,662,160,207,0,0,0,0,0,1,2,1,1,1,2023-10-13 04:10:56,25
0,0,61,115,0,0,0,0,0,0,0,0,0,1,2023-10-13 04:12:56,0
0,0,4,46,0,0,0,0,0,0,0,0,0,0,2023-10-13 04:14:56,0
662,662,184,161,0,0,0,0,0,1,0,1,1,1,2023-10-13 04:16:56,0
0,0,37,0,0,0,0,0,0,0,0,0,0,0,2023-10-13 04:18:56,0
0,0,159,184,0,0,0,0,0,0,2,0,0,2,2023-10-13 04:20:56,25
662,662,61,115,0,0,0,0,0,1,0,1,1,0,2023-10-13 04:22:56,0
0,0,5,92,0,0,0,0,0,0,0,0,0,0,2023-10-13 04:24:56,0
662,662,126,115,0,0,0,0,0,1,0,1,1,1,2023-10-13 04:26:56,0
0,0,33,46,0,0,0,0,0,0,0,0,0,0,2023-10-13 04:28:56,0
0,0,146,207,0,0,0,0,0,0,0,0,0,1,2023-10-13 04:30:56,0
662,662,77,69,0,0,0,0,0,1,2,1,1,1,2023-10-13 04:32:56,25
0,0,3,92,0,0,0,0,0,0,0,0,0,0,2023-10-13 04:34:56,0
662,662,190,92,0,0,0,0,0,1,0,1,1,1,2023-10-13 04:36:56,0
0,0,31,92,0,0,0,0,0,0,0,0,0,0,2023-10-13 04:38:56,0
0,0,162,69,0,0,0,0,0,0,0,0,0,1,2023-10-13 04:40:56,0
662,662,61,207,0,0,0,0,0,1,2,1,1,1,2023-10-13 04:42:56,25
0,0,1,69,0,0,0,0,0,0,0,0,0,0,2023-10-13 04:44:56,0
662,662,132,92,0,0,0,0,0,1,0,1,1,1,2023-10-13 04:46:56,0
0,0,32,92,0,0,0,0,0,0,0,0,0,0,2023-10-13 04:48:56,0
662,662,144,92,0,0,0,0,0,1,2,1,1,2,2023-10-13 04:50:56,27
0,0,80,207,0,0,0,0,0,0,0,0,0,0,2023-10-13 04:52:56,0
0,0,1,0,0,0,0,0,0,0,0,0,0,0,2023-10-13 04:54:56,0
662,662,181,184,0,0,0,0,0,1,0,1,1,1,2023-10-13 04:56:56,0
0,0,396,46,0,0,0,0,0,0,0,0,0,0,2023-10-13 04:58:56,0
662,662,600,115,0,0,0,0,0,1,2,1,1,2,2023-10-13 05:00:56,25
0,0,477,207,0,0,0,0,0,0,0,0,0,0,2023-10-13 05:02:56,0
0,0,432,0,1,1,1,1,1,0,0,0,0,0,2023-10-13 05:04:56,1
662,662,614,184,0,0,0,0,0,1,0,1,1,1,2023-10-13 05:06:56,0
0,0,147,23,0,0,0,0,0,0,0,0,0,0,2023-10-13 05:08:56,0
662,662,138,161,0,0,0,0,0,1,2,1,1,1,2023-10-13 05:10:56,25
0,0,82,161,0,0,0,0,0,0,0,0,0,1,2023-10-13 05:12:56,0
0,0,5,0,0,0,0,0,0,0,0,0,0,0,2023-10-13 05:14:56,0
662,662,180,184,0,0,0,0,0,1,0,1,1,1,2023-10-13 05:16:56,0
0,0,38,0,0,0,0,0,0,0,0,0,0,0,2023-10-13 05:18:56,0
662,662,139,207,0,0,0,0,0,1,2,1,1,1,2023-10-13 05:20:56,25
0,0,84,115,0,0,0,0,0,0,0,0,0,1,2023-10-13 05:22:56,0
0,0,5,46,0,0,0,0,0,0,0,0,0,0,2023-10-13 05:24:56,0
662,662,177,161,0,0,0,0,0,1,0,1,1,1,2023-10-13 05:26:56,0
0,0,40,0,0,0,0,0,0,0,0,0,0,0,2023-10-13 05:28:56,0
0,0,146,184,0,0,0,0,0,0,2,0,0,2,2023-10-13 05:30:56,25
662,662,78,115,0,0,0,0,0,1,0,1,1,0,2023-10-13 05:32:56,0
0,0,2,92,0,0,0,0,0,0,0,0,0,0,2023-10-13 05:34:56,0
662,662,182,115,0,0,0,0,0,1,0,1,1,1,2023-10-13 05:36:56,0
0,0,39,46,0,0,0,0,0,0,0,0,0,0,2023-10-13 05:38:56,0
0,0,141,184,0,0,0,0,0,0,0,0,0,1,2023-10-13 05:40:56,0
662,662,83,92,0,0,0,0,0,1,2,1,1,1,2023-10-13 05:42:56,25
0,0,1,92,0,0,0,0,0,0,0,0,0,0,2023-10-13 05:44:56,0
662,662,184,92,0,0,0,0,0,1,0,1,1,1,2023-10-13 05:46:56,0
0,0,37,92,0,0,0,0,0,0,0,0,0,0,2023-10-13 05:48:56,0
0,0,140,115,0,0,0,0,0,0,0,0,0,2,2023-10-13 05:50:56,0
662,662,84,161,0,0,0,0,0,1,2,1,1,0,2023-10-13 05:52:56,25
0,0,1,69,0,0,0,0,0,0,0,0,0,0,2023-10-13 05:54:56,0
662,662,181,92,0,0,0,0,0,1,0,1,1,1,2023-10-13 05:56:56,0
0,0,401,92,0,0,0,0,0,0,0,0,0,0,2023-10-13 05:58:56,0
662,662,563,69,0,0,0,0,0,0,0,0,0,2,2023-10-13 06:00:56,764
0,0,495,253,0,0,0,0,0,1,2,1,1,0,2023-10-13 06:02:56,25
0,0,422,23,0,0,0,0,0,0,0,0,0,0,2023-10-13 06:04:56,0
662,662,603,138,0,0,0,0,0,1,0,1,1,1,2023-10-13 06:06:56,0
0,0,168,69,0,0,0,0,0,0,0,0,0,0,2023-10-13 06:08:56,0
662,662,143,138,0,0,0,0,0,1,2,1,1,2,2023-10-13 06:10:56,25
0,0,77,161,0,0,0,0,0,0,0,0,0,0,2023-10-13 06:12:56,0
0,0,5,0,0,0,0,0,0,0,0,0,0,0,2023-10-13 06:14:56,0
662,662,180,161,0,0,0,0,0,1,0,1,1,1,2023-10-13 06:16:56,0
0,0,38,46,0,0,0,0,0,0,0,0,0,0,2023-10-13 06:18:56,0
662,662,147,161,0,0,0,0,0,1,2,1,1,2,2023-10-13 06:20:56,25
0,0,76,161,0,0,0,0,0,0,0,0,0,0,2023-10-13 06:22:56,0
0,0,2,0,0,0,0,0,0,0,0,0,0,0,2023-10-13 06:24:56,0
662,662,181,184,0,0,0,0,0,1,0,1,1,1,2023-10-13 06:26:56,0
0,0,39,0,0,0,0,0,0,0,0,0,0,0,2023-10-13 06:28:56,0
662,662,104,184,0,0,0,0,0,1,2,1,1,1,2023-10-13 06:30:56,25
0,0,61,138,0,0,0,0,0,0,0,0,0,1,2023-10-13 06:32:56,0
0,0,1,46,0,0,0,0,0,0,0,0,0,0,2023-10-13 06:34:56,0
662,662,184,161,0,0,0,0,0,1,0,1,1,1,2023-10-13 06:36:56,0
0,0,40,0,0,0,0,0,0,0,0,0,0,0,2023-10-13 06:38:56,0
662,662,153,230,0,0,0,0,0,1,2,1,1,1,2023-10-13 06:40:56,25
0,0,70,69,0,0,0,0,0,0,0,0,0,1,2023-10-13 06:42:56,0
0,0,1,92,0,0,0,0,0,0,0,0,0,0,2023-10-13 06:44:56,0
662,662,180,115,0,0,0,0,0,1,0,1,1,1,2023-10-13 06:46:56,0
0,0,41,46,0,0,0,0,0,0,0,0,0,0,2023-10-13 06:48:56,0
0,0,155,207,0,0,0,0,0,0,0,0,0,1,2023-10-13 06:50:56,2
662,662,74,69,0,0,0,0,0,1,2,1,1,1,2023-10-13 06:52:56,25
0,0,1,92,0,0,0,0,0,0,0,0,0,0,2023-10-13 06:54:56,0
662,662,176,92,0,0,0,0,0,1,0,1,1,1,2023-10-13 06:56:56,0
0,0,404,92,0,0,0,0,0,0,0,0,0,0,2023-10-13 06:58:56,0
0,0,577,115,0,0,0,0,0,0,0,0,0,0,2023-10-13 07:00:56,0
662,662,494,161,0,0,0,0,0,1,2,1,1,2,2023-10-13 07:02:56,25
0,0,425,92,0,0,0,0,0,0,0,0,0,0,2023-10-13 07:04:56,0
662,662,602,92,0,0,0,0,0,1,0,1,1,1,2023-10-13 07:06:56,0
0,0,150,92,0,0,0,0,0,0,0,0,0,0,2023-10-13 07:08:56,0
0,0,155,69,0,0,0,0,0,0,0,0,0,0,2023-10-13 07:10:56,3
662,662,67,230,1,0,0,0,0,1,2,1,1,2,2023-10-13 07:12:56,25
0,0,6,23,0,1,1,1,1,0,0,0,0,0,2023-10-13 07:14:56,1
662,662,167,138,0,0,0,0,0,1,0,1,1,1,2023-10-13 07:16:56,0
0,0,50,69,0,0,0,0,0,0,0,0,0,0,2023-10-13 07:18:56,0
662,662,155,92,0,0,0,0,0,1,2,1,1,0,2023-10-13 07:20:56,25
0,0,69,207,0,0,0,0,0,0,0,0,0,2,2023-10-13 07:22:56,0
0,0,2,0,0,0,0,0,0,0,0,0,0,0,2023-10-13 07:24:56,0
662,662,180,184,0,0,0,0,0,1,0,1,1,1,2023-10-13 07:26:56,0
0,0,40,46,0,0,0,0,0,0,0,0,0,0,2023-10-13 07:28:56,0
662,662,151,92,0,0,0,0,0,1,2,1,1,0,2023-10-13 07:30:56,25
0,0,73,207,0,0,0,2,2,0,0,0,0,2,2023-10-13 07:32:56,0
0,0,2,0,0,0,0,0,0,0,0,0,0,0,2023-10-13 07:34:56,0
662,662,181,184,0,0,0,0,0,1,0,1,1,1,2023-10-13 07:36:56,0
0,0,41,0,0,0,0,0,0,0,0,0,0,0,2023-10-13 07:38:56,0
662,662,124,207,0,0,0,0,0,1,2,1,1,0,2023-10-13 07:40:56,25
0,0,99,115,0,0,0,0,0,0,0,0,0,2,2023-10-13 07:42:56,0
0,0,1,46,0,0,0,0,0,0,0,0,0,0,2023-10-13 07:44:56,0
662,662,182,161,0,0,0,0,0,1,0,1,1,1,2023-10-13 07:46:56,0
0,0,39,0,0,0,0,0,0,0,0,0,0,0,2023-10-13 07:48:56,0
662,662,123,253,0,0,0,0,0,1,2,1,1,1,2023-10-13 07:50:56,25
0,0,99,46,0,0,0,0,0,0,0,0,0,1,2023-10-13 07:52:56,0
0,0,4,69,0,0,0,0,0,0,0,0,0,0,2023-10-13 07:54:56,0
662,662,179,161,0,0,0,0,0,1,0,1,1,1,2023-10-13 07:56:56,0
0,0,398,0,0,0,0,0,0,0,0,0,0,0,2023-10-13 07:58:56,0
662,662,570,276,2,1,1,1,1,1,2,1,1,0,2023-10-13 08:00:56,25
0,0,418,69,1,1,1,0,0,0,0,0,0,2,2023-10-13 08:02:56,0
0,0,425,46,1,1,1,1,1,0,0,0,0,0,2023-10-13 08:04:56,0
662,662,597,161,0,0,0,0,0,1,0,1,1,1,2023-10-13 08:06:56,0
0,0,188,0,0,0,0,0,0,0,0,0,0,0,2023-10-13 08:08:56,0
662,662,152,207,2,1,1,0,0,1,2,1,1,0,2023-10-13 08:10:56,25
0,0,71,138,0,0,0,0,0,0,0,0,0,2,2023-10-13 08:12:56,0
0,0,3,0,0,0,0,0,0,0,0,0,0,0,2023-10-13 08:14:56,0
662,662,181,184,0,0,0,0,0,1,0,1,1,1,2023-10-13 08:16:56,0
0,0,39,0,0,0,0,0,0,0,0,0,0,0,2023-10-13 08:18:56,0
662,662,129,230,0,0,0,0,0,1,2,1,1,0,2023-10-13 08:20:56,25
0,0,95,115,0,0,0,0,0,0,0,0,0,2,2023-10-13 08:22:56,0
0,0,2,0,0,0,0,0,0,0,0,0,0,0,2023-10-13 08:24:56,0
662,662,185,184,0,0,0,0,0,1,0,1,1,1,2023-10-13 08:26:56,0
0,0,37,0,0,0,0,0,0,0,0,0,0,0,2023-10-13 08:28:56,0
662,662,126,161,2,0,0,0,0,1,2,1,1,0,2023-10-13 08:30:56,25
0,0,99,184,2,2,2,2,2,0,0,0,0,2,2023-10-13 08:32:56,0
0,0,1,0,0,0,0,0,0,0,0,0,0,0,2023-10-13 08:34:56,0
662,662,122,184,1,0,0,1,1,1,0,1,1,1,2023-10-13 08:36:56,0
0,0,42,23,0,1,1,1,1,0,0,0,0,0,2023-10-13 08:38:56,0
662,662,147,115,0,0,0,0,0,1,2,1,1,0,2023-10-13 08:40:56,25
0,0,18,207,1,1,1,0,0,0,0,0,0,2,2023-10-13 08:42:56,0
0,0,1,0,2,1,1,1,1,0,0,0,0,0,2023-10-13 08:44:56,0
662,662,117,184,0,0,0,0,0,1,0,1,1,1,2023-10-13 08:46:56,0
0,0,45,23,2,0,0,0,0,0,0,0,0,0,2023-10-13 08:48:56,0
662,662,126,138,6,4,4,5,5,1,2,1,1,0,2023-10-13 08:50:56,29
0,0,95,184,4,3,3,4,4,0,0,0,0,2,2023-10-13 08:52:56,2
0,0,5,0,11,4,4,4,4,0,0,0,0,0,2023-10-13 08:54:56,0
662,662,177,184,4,1,1,1,1,1,0,1,1,1,2023-10-13 08:56:56,0
0,0,393,0,7,1,1,2,2,0,0,0,0,0,2023-10-13 08:58:56,0
662,662,761,299,2,1,1,2,2,1,2,1,1,1,2023-10-13 09:00:56,789
0,0,505,69,5,2,2,7,7,0,0,0,0,1,2023-10-13 09:02:56,0
0,0,421,69,1,1,1,0,0,0,0,0,0,0,2023-10-13 09:04:56,0
662,662,599,138,8,5,5,8,8,1,0,1,1,1,2023-10-13 09:06:56,0
0,0,174,0,2,2,2,1,1,0,0,0,0,0,2023-10-13 09:08:56,0
0,0,126,184,2,1,1,2,2,0,0,0,0,1,2023-10-13 09:10:56,0
662,662,97,115,3,4,4,2,2,1,2,1,1,1,2023-10-13 09:12:56,25
0,0,2,92,13,5,5,7,7,0,0,0,0,0,2023-10-13 09:14:56,1
662,662,177,115,10,5,5,9,9,1,0,1,1,1,2023-10-13 09:16:56,10
0,0,43,69,8,8,8,6,6,0,0,0,0,0,2023-10-13 09:18:56,2
0,0,124,115,6,2,2,3,3,0,0,0,0,0,2023-10-13 09:20:56,0
662,662,101,138,10,6,6,5,5,1,2,1,1,2,2023-10-13 09:22:56,25
0,0,1,92,7,6,6,4,4,0,0,0,0,0,2023-10-13 09:24:56,1
662,662,171,92,18,7,7,9,9,1,0,1,1,1,2023-10-13 09:26:56,0
0,0,50,92,15,9,9,7,7,0,0,0,0,0,2023-10-13 09:28:56,2
0,0,124,161,19,12,12,15,15,0,0,0,0,0,2023-10-13 09:30:56,4
662,662,41,138,26,10,10,9,9,1,2,1,1,2,2023-10-13 09:32:56,28
0,0,1,46,21,11,11,9,9,0,0,0,0,0,2023-10-13 09:34:56,0
662,662,158,92,12,14,14,11,11,1,0,1,1,1,2023-10-13 09:36:56,11
0,0,9,92,14,7,7,6,6,0,0,0,0,0,2023-10-13 09:38:56,14
662,662,124,69,22,8,8,17,17,0,2,0,0,0,2023-10-13 09:40:56,41
0,0,97,230,22,16,16,15,15,1,0,1,1,2,2023-10-13 09:42:56,2
0,0,5,23,26,16,16,21,21,0,0,0,0,0,2023-10-13 09:44:56,4
662,662,180,161,26,11,11,7,7,1,0,1,1,1,2023-10-13 09:46:56,6
0,0,43,46,18,15,15,18,18,0,0,0,0,0,2023-10-13 09:48:56,8
662,662,132,115,49,26,26,24,24,1,2,1,1,1,2023-10-13 09:50:56,69
0,0,89,184,32,31,31,25,25,0,0,0,0,1,2023-10-13 09:52:56,26
0,0,5,0,35,23,23,21,21,0,0,0,0,0,2023-10-13 09:54:56,6
662,662,172,184,25,16,16,20,20,1,0,1,1,1,2023-10-13 09:56:56,12
0,0,397,0,33,26,26,26,26,0,0,0,0,0,2023-10-13 09:58:56,24
662,662,692,230,33,20,20,21,21,1,2,1,1,0,2023-10-13 10:00:56,1813
0,0,705,161,30,21,21,21,21,0,0,0,0,2,2023-10-13 10:02:56,14
0,0,408,0,35,24,24,23,23,0,0,0,0,0,2023-10-13 10:04:56,16
662,662,605,184,41,23,23,14,14,1,0,1,1,1,2023-10-13 10:06:56,20
0,0,184,0,24,26,26,19,19,0,0,0,0,0,2023-10-13 10:08:56,3
662,662,104,184,23,18,18,18,18,1,2,1,1,0,2023-10-13 10:10:56,41
0,0,61,138,31,20,20,20,20,0,0,0,0,2,2023-10-13 10:12:56,17
0,0,1,69,23,18,18,20,20,0,0,0,0,0,2023-10-13 10:14:56,13
662,662,165,138,11,13,13,12,12,1,0,1,1,5,2023-10-13 10:16:56,88
0,0,61,0,14,8,8,10,10,0,0,0,0,1,2023-10-13 10:18:56,2
0,0,146,230,28,11,11,12,12,0,1,0,0,1,2023-10-13 10:20:56,16
662,662,92,69,19,11,11,10,10,1,2,1,1,2,2023-10-13 10:22:56,40
0,0,4,92,13,6,6,9,9,0,0,0,0,0,2023-10-13 10:24:56,16
662,662,168,92,7,7,7,7,7,1,1,1,1,1,2023-10-13 10:26:56,21
0,0,59,92,9,7,7,5,5,0,0,0,0,0,2023-10-13 10:28:56,10
0,0,128,138,14,7,7,6,6,0,0,0,0,0,2023-10-13 10:30:56,4
662,662,96,115,8,9,9,15,15,1,2,1,1,5,2023-10-13 10:32:56,34
0,0,1,92,9,5,5,5,5,0,0,0,0,5,2023-10-13 10:34:56,4
662,662,162,92,6,5,5,5,5,1,0,1,1,2,2023-10-13 10:36:56,5
0,0,59,92,9,6,6,8,8,0,0,0,0,0,2023-10-13 10:38:56,2
0,0,140,69,8,4,4,1,1,0,0,0,0,3,2023-10-13 10:40:56,11
662,662,81,230,7,3,3,6,6,1,2,1,1,7,2023-10-13 10:42:56,30
0,0,5,46,4,4,4,1,1,0,0,0,0,0,2023-10-13 10:44:56,5
662,662,100,92,6,5,5,4,4,1,0,1,1,1,2023-10-13 10:46:56,0
0,0,59,92,18,3,3,7,7,0,0,0,0,0,2023-10-13 10:48:56,4
662,662,103,138,13,10,10,5,5,1,2,1,1,0,2023-10-13 10:50:56,36
0,0,61,161,3,6,6,4,4,0,0,0,0,2,2023-10-13 10:52:56,2
0,0,6,0,5,2,2,2,2,0,0,0,0,0,2023-10-13 10:54:56,0
662,662,165,184,12,4,4,4,4,1,0,1,1,1,2023-10-13 10:56:56,0
0,0,52,46,9,6,6,7,7,0,0,0,0,2,2023-10-13 10:58:56,0
662,662,176,69,7,4,4,5,5,1,2,1,1,0,2023-10-13 11:00:56,26
0,0,157,253,8,4,4,7,7,0,0,0,0,2,2023-10-13 11:02:56,3
0,0,2,0,7,4,4,4,4,0,0,0,0,0,2023-10-13 11:04:56,1
662,662,168,184,5,2,2,3,3,1,0,1,1,2,2023-10-13 11:06:56,7
0,0,52,23,12,3,3,0,0,0,0,0,0,2,2023-10-13 11:08:56,0
662,662,142,138,8,4,4,6,6,1,2,1,1,1,2023-10-13 11:10:56,25
0,0,85,184,4,5,5,3,3,0,0,0,0,2,2023-10-13 11:12:56,4
0,0,2,0,3,2,2,2,2,0,0,0,0,0,2023-10-13 11:14:56,0
662,662,163,184,6,2,2,3,3,1,0,1,1,1,2023-10-13 11:16:56,2
0,0,59,0,13,4,4,6,6,0,0,0,0,0,2023-10-13 11:18:56,9
662,662,135,230,4,6,6,4,4,1,2,1,1,0,2023-10-13 11:20:56,25
0,0,89,115,13,4,4,7,7,0,0,0,0,2,2023-10-13 11:22:56,5
0,0,2,0,7,7,7,7,7,0,0,0,0,0,2023-10-13 11:24:56,3
662,662,161,184,4,4,4,4,4,1,0,1,1,1,2023-10-13 11:26:56,0
0,0,60,23,14,7,7,10,10,0,0,0,0,0,2023-10-13 11:28:56,0
662,662,101,161,9,6,6,8,8,1,2,1,1,0,2023-10-13 11:30:56,25
0,0,62,161,4,3,3,1,1,0,0,0,0,2,2023-10-13 11:32:56,0
0,0,5,0,2,2,2,3,3,0,0,0,0,0,2023-10-13 11:34:56,4
662,662,160,184,5,5,5,5,5,1,0,1,1,1,2023-10-13 11:36:56,0
0,0,62,46,2,1,1,1,1,0,0,0,0,0,2023-10-13 11:38:56,0
662,662,124,115,2,1,1,1,1,1,2,1,1,0,2023-10-13 11:40:56,25
0,0,98,184,2,2,2,2,2,0,0,0,0,2,2023-10-13 11:42:56,0
0,0,5,0,1,1,1,1,1,0,0,0,0,0,2023-10-13 11:44:56,0
662,662,166,184,6,4,4,3,3,1,0,1,1,3,2023-10-13 11:46:56,2
0,0,53,46,6,5,5,3,3,0,0,0,0,0,2023-10-13 11:48:56,2
662,662,127,115,1,3,3,1,1,1,2,1,1,0,2023-10-13 11:50:56,25
0,0,97,184,2,2,2,1,1,0,0,0,0,6,2023-10-13 11:52:56,0
0,0,2,0,4,2,2,1,1,0,0,0,0,7,2023-10-13 11:54:56,0
662,662,164,161,4,3,3,2,2,1,0,1,1,3,2023-10-13 11:56:56,0
0,0,395,69,2,1,1,2,2,0,0,0,0,4,2023-10-13 11:58:56,0
662,662,544,115,4,2,2,1,1,0,2,0,0,0,2023-10-13 12:00:56,795
0,0,503,230,7,1,1,2,2,1,0,1,1,1,2023-10-13 12:02:56,1
0,0,410,23,0,0,0,0,0,0,0,0,0,1,2023-10-13 12:04:56,0
662,662,580,115,0,0,0,0,0,1,0,1,1,1,2023-10-13 12:06:56,0
0,0,240,92,0,0,0,0,0,0,0,0,0,0,2023-10-13 12:08:56,0
662,662,124,138,0,0,0,0,0,0,2,0,0,1,2023-10-13 12:10:56,25
0,0,102,161,0,0,0,0,0,1,0,1,1,0,2023-10-13 12:12:56,0
0,0,2,23,0,0,0,0,0,0,0,0,0,1,2023-10-13 12:14:56,0
662,662,164,138,0,0,0,0,0,1,0,1,1,1,2023-10-13 12:16:56,0
0,0,58,69,0,0,0,0,0,0,0,0,0,0,2023-10-13 12:18:56,0
662,662,100,69,0,0,0,0,0,1,2,1,1,1,2023-10-13 12:20:56,25
0,0,67,253,2,0,0,0,0,0,0,0,0,0,2023-10-13 12:22:56,4
0,0,2,0,0,1,1,1,1,0,0,0,0,1,2023-10-13 12:24:56,0
662,662,162,184,0,0,0,0,0,1,0,1,1,1,2023-10-13 12:26:56,0
0,0,64,46,1,1,1,1,1,0,0,0,0,0,2023-10-13 12:28:56,4
662,662,123,115,0,0,0,0,0,1,2,1,1,1,2023-10-13 12:30:56,25
0,0,98,207,0,0,0,0,0,0,0,0,0,0,2023-10-13 12:32:56,0
0,0,7,23,2,2,2,4,4,0,0,0,0,1,2023-10-13 12:34:56,8
662,662,161,184,0,0,0,0,0,1,0,1,1,1,2023-10-13 12:36:56,7
0,0,66,0,1,1,1,2,2,0,0,0,0,0,2023-10-13 12:38:56,3
662,662,124,230,1,1,1,0,0,1,2,1,1,0,2023-10-13 12:40:56,25
0,0,100,115,1,1,1,2,2,0,0,0,0,1,2023-10-13 12:42:56,4
0,0,8,46,0,0,0,0,0,0,0,0,0,1,2023-10-13 12:44:56,0
662,662,166,161,0,0,0,0,0,1,0,1,1,1,2023-10-13 12:46:56,0
0,0,64,0,1,0,0,0,0,0,0,0,0,0,2023-10-13 12:48:56,0
0,0,127,161,3,1,1,0,0,0,2,0,0,1,2023-10-13 12:50:56,26
662,662,97,138,3,2,2,2,2,1,0,1,1,0,2023-10-13 12:52:56,1
0,0,2,92,0,2,2,0,0,0,0,0,0,1,2023-10-13 12:54:56,2
662,662,163,115,0,0,0,0,0,1,0,1,1,1,2023-10-13 12:56:56,0
0,0,416,46,0,0,0,0,0,0,0,0,0,0,2023-10-13 12:58:56,0
0,0,542,207,0,0,0,0,0,0,0,0,0,1,2023-10-13 13:00:56,0
662,662,525,92,2,0,0,0,0,1,2,1,1,0,2023-10-13 13:02:56,25
0,0,417,92,0,1,1,0,0,0,0,0,0,1,2023-10-13 13:04:56,0
662,662,585,92,0,0,0,0,0,1,0,1,1,1,2023-10-13 13:06:56,0
0,0,132,92,0,0,0,0,0,0,0,0,0,0,2023-10-13 13:08:56,0
0,0,123,115,0,0,0,0,0,0,0,0,0,1,2023-10-13 13:10:56,2
662,662,106,161,0,0,0,0,0,1,2,1,1,0,2023-10-13 13:12:56,30
0,0,2,69,0,0,0,0,0,0,0,0,0,1,2023-10-13 13:14:56,0
662,662,163,92,4,2,2,3,3,1,0,1,1,1,2023-10-13 13:16:56,2
0,0,64,92,0,0,0,0,0,0,0,0,0,0,2023-10-13 13:18:56,0
650,651,115,92,0,0,0,0,0,0,0,0,0,1,2023-10-13 13:20:56,0
12,11,113,207,0,0,0,0,0,1,2,1,1,0,2023-10-13 13:22:56,25
0,0,7,23,1,1,1,0,0,0,0,0,0,1,2023-10-13 13:24:56,0
662,662,162,138,0,0,0,0,0,1,0,1,1,1,2023-10-13 13:26:56,0
0,0,62,69,0,0,0,0,0,0,0,0,0,0,2023-10-13 13:28:56,0
662,662,101,92,0,0,0,0,0,1,2,1,1,0,2023-10-13 13:30:56,25
0,0,64,207,1,1,1,1,1,0,0,0,0,1,2023-10-13 13:32:56,10
0,0,5,0,4,3,3,5,5,0,0,0,0,1,2023-10-13 13:34:56,6
662,662,157,184,2,6,6,4,4,1,0,1,1,1,2023-10-13 13:36:56,16
0,0,62,23,1,1,1,0,0,0,0,0,0,0,2023-10-13 13:38:56,0
662,662,117,115,4,2,2,4,4,1,2,1,1,0,2023-10-13 13:40:56,26
0,0,106,207,3,2,2,3,3,0,0,0,0,1,2023-10-13 13:42:56,3
0,0,2,0,2,1,1,1,1,0,0,0,0,1,2023-10-13 13:44:56,0
662,662,160,184,4,0,0,0,0,1,0,1,1,1,2023-10-13 13:46:56,1
0,0,60,0,2,2,2,3,3,0,0,0,0,0,2023-10-13 13:48:56,0
662,662,128,207,4,3,3,3,3,1,2,1,1,0,2023-10-13 13:50:56,29
0,0,96,115,2,1,1,1,1,0,0,0,0,1,2023-10-13 13:52:56,6
0,0,1,46,5,4,4,7,7,0,0,0,0,1,2023-10-13 13:54:56,4
662,662,161,161,4,0,0,2,2,1,0,1,1,1,2023-10-13 13:56:56,3
0,0,410,0,4,5,5,3,3,0,0,0,0,0,2023-10-13 13:58:56,0
662,662,538,276,6,0,0,2,2,1,2,1,1,0,2023-10-13 14:00:56,31
0,0,512,46,0,0,0,0,0,0,0,0,0,1,2023-10-13 14:02:56,6
0,0,418,92,2,2,2,1,1,0,0,0,0,1,2023-10-13 14:04:56,0
662,662,583,138,4,4,4,5,5,1,0,1,1,1,2023-10-13 14:06:56,0
0,0,211,23,5,2,2,1,1,0,0,0,0,0,2023-10-13 14:08:56,2
0,0,121,161,3,7,7,8,8,0,0,0,0,0,2023-10-13 14:10:56,2
662,662,102,115,2,0,0,2,2,1,2,1,1,1,2023-10-13 14:12:56,28
0,0,2,92,5,1,1,4,4,0,0,0,0,1,2023-10-13 14:14:56,4
662,662,157,92,8,4,4,5,5,1,0,1,1,1,2023-10-13 14:16:56,5
0,0,66,115,3,3,3,1,1,0,0,0,0,0,2023-10-13 14:18:56,1
0,0,119,184,5,1,1,1,1,0,0,0,0,0,2023-10-13 14:20:56,10
662,662,103,92,1,2,2,3,3,1,2,1,1,1,2023-10-13 14:22:56,28
0,0,4,69,3,1,1,2,2,0,0,0,0,1,2023-10-13 14:24:56,0
662,662,158,92,3,3,3,4,4,1,0,1,1,1,2023-10-13 14:26:56,4
0,0,63,92,3,4,4,2,2,0,0,0,0,0,2023-10-13 14:28:56,12
0,0,119,69,0,0,0,0,0,0,0,0,0,1,2023-10-13 14:30:56,4
662,662,104,230,12,4,4,7,7,1,2,1,1,0,2023-10-13 14:32:56,25
0,0,58,23,3,5,5,7,7,0,0,0,0,1,2023-10-13 14:34:56,0
662,662,98,138,4,2,2,1,1,1,0,1,1,1,2023-10-13 14:36:56,2
0,0,2,69,0,1,1,1,1,0,0,0,0,0,2023-10-13 14:38:56,10
662,662,122,69,2,0,0,0,0,1,2,1,1,0,2023-10-13 14:40:56,25
0,0,102,230,4,2,2,2,2,0,0,0,0,1,2023-10-13 14:42:56,0
0,0,3,0,7,0,0,0,0,0,0,0,0,1,2023-10-13 14:44:56,0
662,662,101,184,1,1,1,2,2,1,0,1,1,1,2023-10-13 14:46:56,4
0,0,1,23,1,1,1,2,2,0,0,0,0,0,2023-10-13 14:48:56,1
662,662,117,161,3,0,0,0,0,1,2,1,1,1,2023-10-13 14:50:56,25
0,0,48,161,0,1,1,3,3,0,0,0,0,2,2023-10-13 14:52:56,0
0,0,3,0,0,0,0,0,0,0,0,0,0,1,2023-10-13 14:54:56,0
662,662,161,184,1,1,1,0,0,1,0,1,1,1,2023-10-13 14:56:56,0
0,0,408,0,1,0,0,0,0,0,0,0,0,0,2023-10-13 14:58:56,3
662,662,532,207,1,1,1,3,3,1,2,1,1,0,2023-10-13 15:00:56,789
0,0,526,161,2,1,1,2,2,0,0,0,0,1,2023-10-13 15:02:56,1
0,0,423,0,0,0,0,0,0,0,0,0,0,1,2023-10-13 15:04:56,3
662,662,580,184,6,3,3,2,2,1,0,1,1,1,2023-10-13 15:06:56,1
0,0,142,0,1,1,1,2,2,0,0,0,0,0,2023-10-13 15:08:56,0
662,662,108,230,4,2,2,2,2,1,2,1,1,0,2023-10-13 15:10:56,29
0,0,115,69,1,2,2,3,3,0,0,0,0,1,2023-10-13 15:12:56,2
0,0,5,92,4,1,1,3,3,0,0,0,0,1,2023-10-13 15:14:56,0
662,662,157,138,1,1,1,2,2,1,0,1,1,1,2023-10-13 15:16:56,1
0,0,64,23,2,1,1,5,5,0,0,0,0,0,2023-10-13 15:18:56,4
0,0,108,207,0,1,1,1,1,0,0,0,0,1,2023-10-13 15:20:56,4
662,662,54,69,2,1,1,2,2,1,2,1,1,0,2023-10-13 15:22:56,26
0,0,5,92,0,0,0,0,0,0,0,0,0,1,2023-10-13 15:24:56,0
662,662,157,92,2,2,2,4,4,1,0,1,1,1,2023-10-13 15:26:56,0
0,0,62,92,7,2,2,1,1,0,0,0,0,0,2023-10-13 15:28:56,0
0,0,110,115,1,1,1,1,1,0,0,0,0,0,2023-10-13 15:30:56,0
662,662,114,161,1,2,2,3,3,1,2,1,1,1,2023-10-13 15:32:56,25
0,0,2,69,2,2,2,0,0,0,0,0,0,1,2023-10-13 15:34:56,4
662,662,101,69,1,1,1,1,1,1,0,1,1,1,2023-10-13 15:36:56,0
0,0,60,115,0,1,1,2,2,0,0,0,0,0,2023-10-13 15:38:56,0
0,0,112,69,1,0,0,0,0,0,0,0,0,1,2023-10-13 15:40:56,0
662,662,121,230,2,2,2,3,3,1,2,1,1,0,2023-10-13 15:42:56,27
0,0,4,23,5,1,1,1,1,0,0,0,0,1,2023-10-13 15:44:56,7
662,662,161,138,2,1,1,0,0,1,0,1,1,1,2023-10-13 15:46:56,3
0,0,1,69,6,3,3,3,3,0,0,0,0,0,2023-10-13 15:48:56,0
662,662,110,92,0,0,0,0,0,1,2,1,1,0,2023-10-13 15:50:56,25
0,0,118,207,0,0,0,0,0,0,0,0,0,1,2023-10-13 15:52:56,0
0,0,8,0,13,3,3,3,3,0,0,0,0,1,2023-10-13 15:54:56,2
662,662,161,184,3,4,4,2,2,1,0,1,1,1,2023-10-13 15:56:56,8
0,0,426,23,0,0,0,2,2,0,0,0,0,0,2023-10-13 15:58:56,1
662,662,525,115,2,2,2,2,2,1,2,1,1,1,2023-10-13 16:00:56,1779
0,0,525,276,2,2,2,0,0,0,0,0,0,0,2023-10-13 16:02:56,9
0,0,432,0,4,2,2,2,2,0,0,0,0,1,2023-10-13 16:04:56,0
662,662,575,184,2,0,0,0,0,1,0,1,1,1,2023-10-13 16:06:56,3
0,0,256,0,3,1,1,0,0,0,0,0,0,0,2023-10-13 16:08:56,0
662,662,110,230,1,2,2,1,1,1,2,1,1,1,2023-10-13 16:10:56,40
0,0,112,115,4,1,1,2,2,0,0,0,0,0,2023-10-13 16:12:56,1
0,0,4,0,1,2,2,2,2,0,0,0,0,1,2023-10-13 16:14:56,8
662,662,158,184,0,0,0,0,0,1,0,1,1,1,2023-10-13 16:16:56,0
0,0,61,0,3,2,2,2,2,0,0,0,0,0,2023-10-13 16:18:56,8
662,662,112,207,4,4,4,4,4,1,2,1,1,1,2023-10-13 16:20:56,43
0,0,112,92,0,2,2,3,3,0,0,0,0,0,2023-10-13 16:22:56,5
0,0,5,92,2,1,1,0,0,0,0,0,0,1,2023-10-13 16:24:56,2
662,662,161,138,2,1,1,2,2,1,0,1,1,1,2023-10-13 16:26:56,1
0,0,60,0,1,1,1,2,2,0,0,0,0,0,2023-10-13 16:28:56,0
0,0,111,184,3,3,3,4,4,0,0,0,0,1,2023-10-13 16:30:56,4
662,662,113,115,2,1,1,0,0,1,2,1,1,0,2023-10-13 16:32:56,26
0,0,4,92,0,0,0,0,0,0,0,0,0,1,2023-10-13 16:34:56,0
662,662,101,92,3,0,0,0,0,1,0,1,1,1,2023-10-13 16:36:56,0
0,0,60,92,5,2,2,1,1,0,0,0,0,0,2023-10-13 16:38:56,7
0,0,108,161,2,0,0,0,0,0,0,0,0,0,2023-10-13 16:40:56,0
662,662,117,115,4,2,2,2,2,1,2,1,1,1,2023-10-13 16:42:56,28
0,0,1,69,0,0,0,0,0,0,0,0,0,1,2023-10-13 16:44:56,0
662,662,162,92,1,1,1,1,1,1,0,1,1,1,2023-10-13 16:46:56,0
0,0,61,92,3,3,3,1,1,0,0,0,0,0,2023-10-13 16:48:56,13
0,0,110,46,0,1,1,2,2,0,0,0,0,0,2023-10-13 16:50:56,0
662,662,116,253,2,1,1,0,0,1,2,1,1,1,2023-10-13 16:52:56,25
0,0,4,46,1,1,1,3,3,0,0,0,0,0,2023-10-13 16:54:56,0
662,662,159,115,2,2,2,3,3,1,0,1,1,2,2023-10-13 16:56:56,3
0,0,412,69,2,1,1,1,1,0,0,0,0,0,2023-10-13 16:58:56,3
662,662,510,69,1,0,0,2,2,1,2,1,1,0,2023-10-13 17:00:56,37
0,0,470,253,2,0,0,0,0,0,0,0,0,1,2023-10-13 17:02:56,1
0,0,416,0,0,0,0,0,0,0,0,0,0,0,2023-10-13 17:04:56,3
662,662,581,184,0,0,0,0,0,1,0,1,1,3,2023-10-13 17:06:56,4
0,0,224,46,4,2,2,0,0,0,0,0,0,0,2023-10-13 17:08:56,0
666,666,108,115,1,2,2,0,0,1,2,1,1,0,2023-10-13 17:10:56,29
0,0,111,184,0,0,0,0,0,0,0,0,0,1,2023-10-13 17:12:56,3
0,0,9,0,8,1,1,2,2,0,0,0,0,0,2023-10-13 17:14:56,1
666,666,159,184,4,3,3,2,2,1,0,1,1,2,2023-10-13 17:16:56,9
0,0,62,0,4,2,2,2,2,0,0,0,0,0,2023-10-13 17:18:56,1
666,666,117,207,6,2,2,1,1,1,2,1,1,0,2023-10-13 17:20:56,28
0,0,112,138,3,2,2,2,2,0,0,0,0,1,2023-10-13 17:22:56,1
0,0,2,23,1,2,2,0,0,0,0,0,0,0,2023-10-13 17:24:56,13
666,666,163,161,0,0,0,1,1,1,0,1,1,2,2023-10-13 17:26:56,0
0,0,60,0,0,0,0,0,0,0,0,0,0,0,2023-10-13 17:28:56,0
666,666,103,253,1,1,1,0,0,1,2,1,1,1,2023-10-13 17:30:56,25
0,0,62,46,0,0,0,0,0,0,0,0,0,0,2023-10-13 17:32:56,0
0,0,1,92,4,0,0,2,2,0,0,0,0,0,2023-10-13 17:34:56,1
663,663,161,115,8,0,0,0,0,1,1,1,1,2,2023-10-13 17:36:56,47
0,0,60,46,3,3,3,0,0,0,0,0,0,0,2023-10-13 17:38:56,5
0,0,108,138,3,1,1,1,1,0,0,0,0,0,2023-10-13 17:40:56,22
663,663,115,138,1,0,0,2,2,1,3,1,1,1,2023-10-13 17:42:56,25
0,0,1,92,1,1,1,2,2,0,0,0,0,0,2023-10-13 17:44:56,4
663,663,159,92,1,1,1,1,1,1,1,1,1,2,2023-10-13 17:46:56,30
0,0,64,92,2,5,5,0,0,0,0,0,0,0,2023-10-13 17:48:56,12
0,0,109,115,2,1,1,1,1,0,0,0,0,0,2023-10-13 17:50:56,22
663,663,59,161,0,0,0,2,2,1,3,1,1,1,2023-10-13 17:52:56,25
0,0,1,69,6,1,1,3,3,0,0,0,0,0,2023-10-13 17:54:56,5
663,663,157,92,0,0,0,0,0,1,0,1,1,2,2023-10-13 17:56:56,25
0,0,417,92,0,0,0,0,0,0,1,0,0,1,2023-10-13 17:58:56,0
0,0,521,92,8,5,5,5,5,0,1,0,0,1,2023-10-13 18:00:56,766
663,663,521,230,7,4,4,0,0,1,2,1,1,1,2023-10-13 18:02:56,53
0,0,414,23,2,2,2,0,0,0,0,0,0,0,2023-10-13 18:04:56,0
663,663,580,138,2,1,1,0,0,1,1,1,1,2,2023-10-13 18:06:56,25
0,0,224,69,1,0,0,0,0,0,0,0,0,0,2023-10-13 18:08:56,0
664,664,110,69,0,0,0,0,0,1,2,1,1,0,2023-10-13 18:10:56,28
0,0,112,230,3,2,2,1,1,0,1,0,0,1,2023-10-13 18:12:56,22
0,0,5,0,0,0,0,0,0,0,0,0,0,0,2023-10-13 18:14:56,0
664,664,426,184,1,0,0,0,0,1,1,1,1,2,2023-10-13 18:16:56,22
0,0,62,23,6,2,2,1,1,0,0,0,0,0,2023-10-13 18:18:56,4
664,664,105,115,0,0,0,0,0,1,2,1,1,1,2023-10-13 18:20:56,25
0,0,60,207,1,1,1,1,1,0,1,0,0,0,2023-10-13 18:22:56,22
0,0,2,0,2,1,1,0,0,0,0,0,0,0,2023-10-13 18:24:56,0
664,664,160,184,2,2,2,1,1,1,0,1,1,2,2023-10-13 18:26:56,0
0,0,60,0,6,3,3,1,1,0,0,0,0,0,2023-10-13 18:28:56,21
664,664,109,230,0,0,0,0,0,1,2,1,1,0,2023-10-13 18:30:56,25
0,0,115,92,0,0,0,0,0,0,0,0,0,1,2023-10-13 18:32:56,3
0,0,1,46,1,0,0,0,0,0,0,0,0,0,2023-10-13 18:34:56,3
664,664,161,161,1,0,0,2,2,1,0,1,1,2,2023-10-13 18:36:56,0
0,0,60,0,1,2,2,2,2,0,0,0,0,0,2023-10-13 18:38:56,0
664,664,107,207,2,1,1,0,0,1,2,1,1,0,2023-10-13 18:40:56,25
0,0,116,92,0,0,0,0,0,0,0,0,0,1,2023-10-13 18:42:56,0
0,0,1,92,0,0,0,2,2,0,0,0,0,0,2023-10-13 18:44:56,9
664,664,161,115,0,0,0,0,0,1,0,1,1,2,2023-10-13 18:46:56,2
0,0,64,46,2,1,1,2,2,0,0,0,0,0,2023-10-13 18:48:56,0
0,0,108,184,0,0,0,0,0,0,0,0,0,0,2023-10-13 18:50:56,0
664,664,113,92,1,0,0,0,0,1,2,1,1,1,2023-10-13 18:52:56,25
0,0,4,92,0,1,1,1,1,0,0,0,0,0,2023-10-13 18:54:56,0
664,664,157,92,0,0,0,0,0,1,0,1,1,2,2023-10-13 18:56:56,4
0,0,415,92,1,1,1,2,2,0,0,0,0,0,2023-10-13 18:58:56,0
0,0,527,161,0,0,0,0,0,0,0,0,0,0,2023-10-13 19:00:56,0
664,664,536,138,0,0,0,0,0,1,2,1,1,1,2023-10-13 19:02:56,25
0,0,428,69,5,1,1,0,0,0,0,0,0,0,2023-10-13 19:04:56,0
664,664,580,92,0,0,0,0,0,1,0,1,1,2,2023-10-13 19:06:56,0
0,0,183,92,1,0,0,0,0,0,0,0,0,0,2023-10-13 19:08:56,0
0,0,110,69,0,0,0,0,0,0,0,0,0,0,2023-10-13 19:10:56,0
664,664,113,230,1,0,0,0,0,1,2,1,1,1,2023-10-13 19:12:56,25
0,0,3,46,0,0,0,0,0,0,0,0,0,0,2023-10-13 19:14:56,0
664,664,160,92,0,0,0,0,0,1,0,1,1,2,2023-10-13 19:16:56,0
0,0,61,92,0,0,0,0,0,0,0,0,0,0,2023-10-13 19:18:56,0
664,664,104,69,1,1,1,2,2,1,2,1,1,0,2023-10-13 19:20:56,28
0,0,62,230,0,0,0,0,0,0,0,0,0,1,2023-10-13 19:22:56,0
0,0,1,0,0,0,0,0,0,0,0,0,0,0,2023-10-13 19:24:56,0
664,664,161,184,0,0,0,0,0,1,0,1,1,2,2023-10-13 19:26:56,0
0,0,60,46,1,1,1,1,1,0,0,0,0,0,2023-10-13 19:28:56,0
664,664,109,115,0,0,0,0,0,1,2,1,1,0,2023-10-13 19:30:56,25
0,0,115,184,0,0,0,0,0,0,0,0,0,1,2023-10-13 19:32:56,0
0,0,1,0,0,0,0,0,0,0,0,0,0,0,2023-10-13 19:34:56,0
664,664,99,184,0,0,0,0,0,1,0,1,1,2,2023-10-13 19:36:56,0
0,0,63,0,1,1,1,1,1,0,0,0,0,0,2023-10-13 19:38:56,0
664,664,108,230,0,0,0,0,0,1,2,1,1,0,2023-10-13 19:40:56,25
0,0,116,115,0,0,0,0,0,0,0,0,0,1,2023-10-13 19:42:56,0
0,0,1,0,0,0,0,0,0,0,0,0,0,0,2023-10-13 19:44:56,0
664,664,157,184,0,0,0,0,0,1,0,1,1,2,2023-10-13 19:46:56,0
0,0,65,0,0,0,0,0,0,0,0,0,0,0,2023-10-13 19:48:56,0
664,664,108,230,0,0,0,0,0,1,2,1,1,1,2023-10-13 19:50:56,25
0,0,113,69,0,0,0,0,0,0,0,0,0,0,2023-10-13 19:52:56,0
0,0,4,92,0,0,0,0,0,0,0,0,0,0,2023-10-13 19:54:56,0
664,664,157,138,0,0,0,0,0,1,0,1,1,1,2023-10-13 19:56:56,0
0,0,357,0,2,1,1,0,0,0,0,0,0,1,2023-10-13 19:58:56,2
0,0,530,230,1,0,0,0,0,0,0,0,0,0,2023-10-13 20:00:56,0
664,664,536,92,0,1,1,1,1,1,2,1,1,1,2023-10-13 20:02:56,25
0,0,426,92,1,1,1,0,0,0,0,0,0,0,2023-10-13 20:04:56,0
664,664,562,92,0,0,0,0,0,1,0,1,1,2,2023-10-13 20:06:56,0
0,0,202,92,0,0,0,0,0,0,0,0,0,0,2023-10-13 20:08:56,0
0,0,111,138,0,0,0,0,0,0,0,0,0,0,2023-10-13 20:10:56,0
664,664,113,138,1,0,0,0,0,1,2,1,1,1,2023-10-13 20:12:56,25
0,0,2,69,2,0,0,0,0,0,0,0,0,0,2023-10-13 20:14:56,0
664,664,101,46,1,0,0,0,0,1,0,1,1,2,2023-10-13 20:16:56,1
0,0,60,138,0,1,1,1,1,0,0,0,0,0,2023-10-13 20:18:56,0
0,0,110,69,0,0,0,0,0,0,0,0,0,0,2023-10-13 20:20:56,0
664,664,92,230,0,0,0,0,0,1,2,1,1,1,2023-10-13 20:22:56,25
0,0,1,46,0,0,0,0,0,0,0,0,0,0,2023-10-13 20:24:56,0
664,664,161,92,0,0,0,0,0,1,0,1,1,2,2023-10-13 20:26:56,0
0,0,60,92,0,0,0,0,0,0,0,0,0,0,2023-10-13 20:28:56,0
664,664,107,92,0,0,0,0,0,1,2,1,1,0,2023-10-13 20:30:56,25
0,0,117,207,2,1,1,2,2,0,0,0,0,1,2023-10-13 20:32:56,0
0,0,1,0,0,0,0,0,0,0,0,0,0,0,2023-10-13 20:34:56,0
664,664,158,184,0,0,0,0,0,1,0,1,1,2,2023-10-13 20:36:56,0
0,0,63,46,0,0,0,0,0,0,0,0,0,0,2023-10-13 20:38:56,0
664,664,108,69,0,0,0,0,0,1,2,1,1,0,2023-10-13 20:40:56,25
0,0,112,230,1,0,0,0,0,0,0,0,0,1,2023-10-13 20:42:56,0
0,0,4,0,1,1,1,1,1,0,0,0,0,0,2023-10-13 20:44:56,0
664,664,157,184,0,0,0,0,0,1,0,1,1,2,2023-10-13 20:46:56,0
0,0,64,0,0,0,0,0,0,0,0,0,0,0,2023-10-13 20:48:56,0
664,664,110,230,0,0,0,0,0,1,2,1,1,0,2023-10-13 20:50:56,25
0,0,111,92,0,0,0,0,0,0,0,0,0,1,2023-10-13 20:52:56,0
0,0,5,46,4,2,2,1,1,0,0,0,0,0,2023-10-13 20:54:56,0
664,664,160,161,0,1,1,2,2,1,0,1,1,2,2023-10-13 20:56:56,0
0,0,410,0,0,0,0,0,0,0,0,0,0,0,2023-10-13 20:58:56,0
664,664,532,253,0,0,0,0,0,1,2,1,1,0,2023-10-13 21:00:56,792
0,0,538,69,4,2,2,3,3,0,0,0,0,1,2023-10-13 21:02:56,0
0,0,421,92,0,1,1,2,2,0,0,0,0,0,2023-10-13 21:04:56,0
664,664,587,115,0,0,0,0,0,1,0,1,1,2,2023-10-13 21:06:56,0
0,0,190,46,0,0,0,0,0,0,0,0,0,0,2023-10-13 21:08:56,0
0,0,103,161,1,1,1,1,1,0,0,0,0,0,2023-10-13 21:10:56,0
664,664,3,115,0,0,0,0,0,1,2,1,1,1,2023-10-13 21:12:56,25
0,0,1,92,0,0,0,0,0,0,0,0,0,0,2023-10-13 21:14:56,3
664,664,161,92,0,0,0,1,1,1,0,1,1,2,2023-10-13 21:16:56,0
0,0,61,92,0,0,0,0,0,0,0,0,0,0,2023-10-13 21:18:56,0
0,0,105,161,0,0,0,0,0,0,0,0,0,0,2023-10-13 21:20:56,2
664,664,120,115,0,0,0,0,0,1,2,1,1,1,2023-10-13 21:22:56,25
0,0,2,69,0,0,0,0,0,0,0,0,0,0,2023-10-13 21:24:56,0
664,664,160,92,1,1,1,2,2,1,0,1,1,2,2023-10-13 21:26:56,2
0,0,63,92,0,0,0,0,0,0,0,0,0,0,2023-10-13 21:28:56,0
0,0,104,69,0,0,0,0,0,0,0,0,0,1,2023-10-13 21:30:56,0
664,664,121,230,0,0,0,0,0,1,2,1,1,0,2023-10-13 21:32:56,25
0,0,4,23,0,0,0,0,0,0,0,0,0,0,2023-10-13 21:34:56,0
664,664,157,138,0,0,0,0,0,1,0,1,1,2,2023-10-13 21:36:56,0
0,0,5,69,0,0,0,0,0,0,0,0,0,0,2023-10-13 21:38:56,0
664,664,100,115,0,0,0,0,0,1,2,1,1,1,2023-10-13 21:40:56,25
0,0,121,184,1,0,0,1,1,0,0,0,0,0,2023-10-13 21:42:56,0
0,0,4,0,0,1,1,0,0,0,0,0,0,0,2023-10-13 21:44:56,0
664,664,100,184,0,0,0,0,0,1,0,1,1,1,2023-10-13 21:46:56,0
0,0,61,23,0,0,0,0,0,0,0,0,0,1,2023-10-13 21:48:56,0
664,664,109,184,0,0,0,2,2,1,2,1,1,0,2023-10-13 21:50:56,25
0,0,57,138,2,2,2,1,1,0,0,0,0,1,2023-10-13 21:52:56,0
0,0,5,0,2,1,1,1,1,0,0,0,0,0,2023-10-13 21:54:56,0
664,664,158,184,2,1,1,2,2,1,0,1,1,1,2023-10-13 21:56:56,0
0,0,412,0,0,1,1,1,1,0,0,0,0,1,2023-10-13 21:58:56,0
664,664,532,207,1,0,0,1,1,1,2,1,1,0,2023-10-13 22:00:56,25
0,0,533,138,2,0,0,0,0,0,0,0,0,1,2023-10-13 22:02:56,0
0,0,427,46,0,1,1,2,2,0,0,0,0,0,2023-10-13 22:04:56,0
664,664,583,161,0,0,0,0,0,1,0,1,1,1,2023-10-13 22:06:56,0
0,0,192,0,4,2,2,2,2,0,0,0,0,1,2023-10-13 22:08:56,0
664,664,100,253,0,0,0,0,0,1,2,1,1,1,2023-10-13 22:10:56,25
0,0,123,46,0,0,0,0,0,0,0,0,0,0,2023-10-13 22:12:56,0
0,0,2,92,0,0,0,0,0,0,0,0,0,0,2023-10-13 22:14:56,0
664,664,161,115,1,1,1,2,2,1,0,1,1,1,2023-10-13 22:16:56,4
0,0,61,46,0,0,0,0,0,0,0,0,0,1,2023-10-13 22:18:56,0
0,0,106,161,0,0,0,0,0,0,0,0,0,1,2023-10-13 22:20:56,0
664,664,120,115,0,0,0,0,0,1,2,1,1,0,2023-10-13 22:22:56,25
0,0,2,92,2,2,2,2,2,0,0,0,0,0,2023-10-13 22:24:56,0
664,664,158,92,4,1,1,1,1,1,0,1,1,1,2023-10-13 22:26:56,0
0,0,4,92,1,1,1,0,0,0,0,0,0,1,2023-10-13 22:28:56,0
0,0,107,115,1,2,2,1,1,0,0,0,0,1,2023-10-13 22:30:56,4
664,664,57,161,0,0,0,0,0,1,2,1,1,0,2023-10-13 22:32:56,25
0,0,5,69,0,0,0,0,0,0,0,0,0,0,2023-10-13 22:34:56,0
664,664,158,92,0,0,0,0,0,1,0,1,1,1,2023-10-13 22:36:56,0
0,0,5,92,0,0,0,0,0,0,0,0,0,1,2023-10-13 22:38:56,0
631,631,106,115,1,0,0,0,0,0,0,0,0,1,2023-10-13 22:40:56,0
33,33,114,184,0,0,0,0,0,1,2,1,1,0,2023-10-13 22:42:56,25
0,0,5,23,4,1,1,0,0,0,0,0,0,0,2023-10-13 22:44:56,0
664,664,159,138,3,3,3,4,4,1,0,1,1,1,2023-10-13 22:46:56,4
0,0,3,69,0,0,0,0,0,0,0,0,0,1,2023-10-13 22:48:56,0
664,664,106,92,1,1,1,0,0,1,2,1,1,0,2023-10-13 22:50:56,25
0,0,119,207,0,0,0,0,0,0,0,0,0,1,2023-10-13 22:52:56,0
0,0,2,0,0,0,0,0,0,0,0,0,0,0,2023-10-13 22:54:56,0
664,664,161,184,2,0,0,2,2,1,0,1,1,1,2023-10-13 22:56:56,1
0,0,414,23,0,0,0,0,0,0,0,0,0,1,2023-10-13 22:58:56,0
664,664,530,161,2,2,2,0,0,1,2,1,1,0,2023-10-13 23:00:56,29
0,0,534,184,1,1,1,0,0,0,0,0,0,1,2023-10-13 23:02:56,0
0,0,420,0,5,3,3,0,0,0,0,0,0,0,2023-10-13 23:04:56,0
664,664,593,184,0,2,2,3,3,1,1,1,1,1,2023-10-13 23:06:56,22
0,0,126,0,0,0,0,0,0,0,0,0,0,1,2023-10-13 23:08:56,0
664,664,102,230,0,0,0,0,0,1,2,1,1,1,2023-10-13 23:10:56,25
0,0,62,92,0,0,0,0,0,0,0,0,0,0,2023-10-13 23:12:56,0
0,0,2,46,2,1,1,1,1,0,0,0,0,0,2023-10-13 23:14:56,0
664,664,158,161,0,1,1,0,0,1,0,1,1,1,2023-10-13 23:16:56,0
0,0,63,0,1,0,0,0,0,0,0,0,0,1,2023-10-13 23:18:56,0
0,0,104,207,4,3,3,1,1,0,0,0,0,1,2023-10-13 23:20:56,2
664,664,124,92,4,2,2,3,3,1,2,1,1,0,2023-10-13 23:22:56,25
0,0,2,92,5,1,1,0,0,0,0,0,0,0,2023-10-13 23:24:56,1
664,664,157,115,1,1,1,2,2,1,0,1,1,1,2023-10-13 23:26:56,0
0,0,5,46,0,0,0,0,0,0,0,0,0,1,2023-10-13 23:28:56,0
0,0,99,138,1,1,1,0,0,0,0,0,0,1,2023-10-13 23:30:56,3
664,664,63,161,0,1,1,0,0,1,2,1,1,0,2023-10-13 23:32:56,25
0,0,4,92,3,0,0,0,0,0,0,0,0,0,2023-10-13 23:34:56,0
664,664,157,92,0,1,1,0,0,1,0,1,1,1,2023-10-13 23:36:56,0
0,0,61,92,1,1,1,0,0,0,0,0,0,1,2023-10-13 23:38:56,0
0,0,105,92,0,0,0,0,0,0,0,0,0,1,2023-10-13 23:40:56,0
664,664,117,184,0,0,0,0,0,1,2,1,1,0,2023-10-13 23:42:56,25
0,0,5,69,0,0,0,0,0,0,0,0,0,0,2023-10-13 23:44:56,0
664,664,157,92,0,0,0,0,0,1,0,1,1,1,2023-10-13 23:46:56,0
0,0,61,92,0,0,0,0,0,0,0,0,0,1,2023-10-13 23:48:56,0
0,0,107,69,1,1,1,1,1,0,0,0,0,1,2023-10-13 23:50:56,0
664,664,118,230,1,1,1,1,1,1,2,1,1,0,2023-10-13 23:52:56,25
0,0,2,46,1,1,1,0,0,0,0,0,0,0,2023-10-13 23:54:56,0
664,664,160,92,0,0,0,1,1,1,0,1,1,1,2023-10-13 23:56:56,0
0,0,416,92,0,0,0,2,2,0,0,0,0,1,2023-10-13 23:58:56,0
0,0,580,69,0,0,0,0,0,0,0,0,0,1,2023-10-14 00:00:56,764
664,664,487,253,0,0,0,0,0,1,2,1,1,0,2023-10-14 00:02:56,25
0,0,422,46,1,1,1,0,0,0,0,0,0,0,2023-10-14 00:04:56,0
664,664,593,92,0,0,0,0,0,1,0,1,1,1,2023-10-14 00:06:56,0
0,0,181,92,1,1,1,0,0,0,0,0,0,1,2023-10-14 00:08:56,0
0,0,102,115,0,0,0,0,0,0,0,0,0,1,2023-10-14 00:10:56,0
664,664,121,161,0,0,0,0,0,1,2,1,1,0,2023-10-14 00:12:56,25
0,0,2,69,0,0,0,0,0,0,0,0,0,0,2023-10-14 00:14:56,0
664,664,158,92,0,0,0,0,0,1,0,1,1,1,2023-10-14 00:16:56,26
0,0,63,92,0,0,0,0,0,0,0,0,0,1,2023-10-14 00:18:56,0
0,0,100,69,0,0,0,0,0,0,0,0,0,1,2023-10-14 00:20:56,0
664,664,3,230,0,0,0,0,0,1,2,1,1,0,2023-10-14 00:22:56,25
0,0,6,46,0,0,0,0,0,0,0,0,0,0,2023-10-14 00:24:56,0
664,664,157,92,0,0,0,0,0,1,0,1,1,1,2023-10-14 00:26:56,0
0,0,66,92,1,1,1,1,1,0,0,0,0,1,2023-10-14 00:28:56,0
664,664,100,115,0,0,0,0,0,0,2,0,0,0,2023-10-14 00:30:56,25
0,0,120,184,0,0,0,0,0,1,0,1,1,1,2023-10-14 00:32:56,0
0,0,5,0,0,0,0,0,0,0,0,0,0,0,2023-10-14 00:34:56,0
664,664,157,184,0,0,0,2,2,1,0,1,1,1,2023-10-14 00:36:56,0
0,0,61,46,0,0,0,0,0,0,0,0,0,1,2023-10-14 00:38:56,0
664,664,105,92,0,0,0,0,0,1,2,1,1,0,2023-10-14 00:40:56,25
0,0,117,207,0,0,0,0,0,0,0,0,0,1,2023-10-14 00:42:56,0
0,0,2,0,0,0,0,0,0,0,0,0,0,0,2023-10-14 00:44:56,0
664,664,160,184,1,1,1,1,1,1,0,1,1,1,2023-10-14 00:46:56,0
0,0,60,0,0,0,0,0,0,0,0,0,0,1,2023-10-14 00:48:56,0
664,664,106,184,0,0,0,0,0,1,2,1,1,0,2023-10-14 00:50:56,25
0,0,119,161,0,0,0,0,0,0,0,0,0,1,2023-10-14 00:52:56,0
0,0,2,0,0,0,0,0,0,0,0,0,0,0,2023-10-14 00:54:56,0
664,664,161,184,0,0,0,0,0,1,0,1,1,1,2023-10-14 00:56:56,0
0,0,414,0,0,0,0,0,0,0,0,0,0,1,2023-10-14 00:58:56,0
664,664,526,276,0,0,0,0,0,1,2,1,1,0,2023-10-14 01:00:56,25
0,0,536,46,0,0,0,0,0,0,0,0,0,1,2023-10-14 01:02:56,0
0,0,417,92,0,0,0,0,0,0,0,0,0,0,2023-10-14 01:04:56,0
664,664,582,138,0,0,0,0,0,1,0,1,1,1,2023-10-14 01:06:56,0
0,0,199,0,0,0,0,0,0,0,0,0,0,1,2023-10-14 01:08:56,0
0,0,101,207,2,1,1,1,1,0,0,0,0,1,2023-10-14 01:10:56,0
664,664,122,92,0,0,0,0,0,1,2,1,1,0,2023-10-14 01:12:56,25
0,0,1,92,0,0,0,0,0,0,0,0,0,0,2023-10-14 01:14:56,0
664,664,158,115,0,0,0,0,0,1,0,1,1,1,2023-10-14 01:16:56,0
0,0,64,46,0,0,0,0,0,0,0,0,0,1,2023-10-14 01:18:56,0
0,0,101,161,1,0,0,1,1,0,0,0,0,1,2023-10-14 01:20:56,2
664,664,120,115,0,0,0,0,0,1,2,1,1,0,2023-10-14 01:22:56,25
0,0,5,92,2,0,0,0,0,0,0,0,0,0,2023-10-14 01:24:56,0
664,664,157,115,0,0,0,0,0,1,0,1,1,1,2023-10-14 01:26:56,0
0,0,2,46,0,0,0,0,0,0,0,0,0,1,2023-10-14 01:28:56,0
0,0,103,207,0,0,0,0,0,0,0,0,0,1,2023-10-14 01:30:56,0
664,664,63,69,0,0,0,0,0,1,2,1,1,0,2023-10-14 01:32:56,25
0,0,5,92,0,0,0,0,0,0,0,0,0,0,2023-10-14 01:34:56,0
664,664,158,115,0,0,0,0,0,1,0,1,1,1,2023-10-14 01:36:56,0
0,0,60,23,0,0,0,0,0,0,0,0,0,1,2023-10-14 01:38:56,0
0,0,106,253,0,0,0,0,0,0,0,0,0,1,2023-10-14 01:40:56,0
664,664,118,46,0,0,0,0,0,1,2,1,1,0,2023-10-14 01:42:56,25
0,0,2,92,0,0,0,0,0,0,0,0,0,0,2023-10-14 01:44:56,0
664,664,162,115,0,0,0,0,0,1,0,1,1,1,2023-10-14 01:46:56,0
0,0,60,69,0,0,0,0,0,0,0,0,0,1,2023-10-14 01:48:56,0
0,0,103,115,0,0,0,0,0,0,0,0,0,0,2023-10-14 01:50:56,0
664,664,121,138,0,0,0,0,0,1,2,1,1,1,2023-10-14 01:52:56,25
0,0,1,92,0,0,0,0,0,0,0,0,0,0,2023-10-14 01:54:56,0
664,664,161,92,0,0,0,0,0,1,0,1,1,1,2023-10-14 01:56:56,0
0,0,408,92,0,0,0,0,0,0,0,0,0,1,2023-10-14 01:58:56,0
0,0,527,184,1,0,0,0,0,0,0,0,0,0,2023-10-14 02:00:56,0
664,664,542,115,0,0,0,0,0,1,2,1,1,1,2023-10-14 02:02:56,25
0,0,422,69,0,0,0,0,0,0,0,0,0,0,2023-10-14 02:04:56,0
664,664,586,92,0,0,0,0,0,1,0,1,1,1,2023-10-14 02:06:56,0
0,0,199,92,0,0,0,0,0,0,0,0,0,1,2023-10-14 02:08:56,0
664,664,102,92,0,0,0,0,0,0,2,0,0,0,2023-10-14 02:10:56,25
0,0,121,207,0,0,0,0,0,1,0,1,1,1,2023-10-14 02:12:56,0
0,0,7,23,0,0,0,0,0,0,0,0,0,0,2023-10-14 02:14:56,0
664,664,159,138,0,0,0,0,0,1,0,1,1,1,2023-10-14 02:16:56,0
0,0,67,69,0,0,0,0,0,0,0,0,0,1,2023-10-14 02:18:56,0
664,664,104,115,0,0,0,0,0,1,2,1,1,1,2023-10-14 02:20:56,25
0,0,61,184,1,0,0,0,0,0,0,0,0,0,2023-10-14 02:22:56,0
0,0,5,0,0,0,0,0,0,0,0,0,0,0,2023-10-14 02:24:56,0
664,664,157,184,0,0,0,0,0,1,0,1,1,1,2023-10-14 02:26:56,0
0,0,61,23,0,0,0,0,0,0,0,0,0,1,2023-10-14 02:28:56,0
664,664,103,207,0,0,0,0,0,1,2,1,1,0,2023-10-14 02:30:56,25
0,0,121,115,0,0,0,0,0,0,0,0,0,1,2023-10-14 02:32:56,0
0,0,3,0,0,0,0,0,0,0,0,0,0,0,2023-10-14 02:34:56,0
664,664,160,184,0,0,0,0,0,1,0,1,1,1,2023-10-14 02:36:56,0
0,0,60,0,0,0,0,0,0,0,0,0,0,1,2023-10-14 02:38:56,0
664,664,103,184,0,0,0,0,0,1,2,1,1,0,2023-10-14 02:40:56,25
0,0,61,138,0,0,0,0,0,0,0,0,0,1,2023-10-14 02:42:56,0
0,0,1,69,0,0,0,0,0,0,0,0,0,0,2023-10-14 02:44:56,0
664,664,161,92,0,0,0,0,0,1,0,1,1,1,2023-10-14 02:46:56,0
0,0,60,46,0,0,0,0,0,0,0,0,0,0,2023-10-14 02:48:56,0
0,0,101,230,0,0,0,0,0,0,0,0,0,2,2023-10-14 02:50:56,0
664,664,123,69,0,0,0,0,0,1,2,1,1,0,2023-10-14 02:52:56,25
0,0,2,92,0,0,0,0,0,0,0,0,0,0,2023-10-14 02:54:56,0
664,664,158,115,0,0,0,0,0,1,0,1,1,1,2023-10-14 02:56:56,0
0,0,416,46,0,0,0,0,0,0,0,0,0,0,2023-10-14 02:58:56,0
0,0,520,253,0,0,0,0,0,0,0,0,0,2,2023-10-14 03:00:56,764
664,664,542,46,0,0,0,0,0,1,2,1,1,0,2023-10-14 03:02:56,25
0,0,420,92,0,0,0,0,0,0,0,0,0,0,2023-10-14 03:04:56,0
664,664,587,138,0,0,0,0,0,1,0,1,1,1,2023-10-14 03:06:56,0
0,0,196,0,0,0,0,0,0,0,0,0,0,0,2023-10-14 03:08:56,0
664,664,99,276,0,0,0,0,0,1,2,1,1,2,2023-10-14 03:10:56,25
0,0,122,23,0,0,0,0,0,0,0,0,0,0,2023-10-14 03:12:56,0
0,0,4,69,0,0,0,0,0,0,0,0,0,0,2023-10-14 03:14:56,0
664,664,98,161,0,0,0,0,0,1,0,1,1,1,2023-10-14 03:16:56,0
0,0,61,0,0,0,0,0,0,0,0,0,0,0,2023-10-14 03:18:56,0
664,664,104,253,0,0,0,0,0,1,2,1,1,2,2023-10-14 03:20:56,25
0,0,120,69,0,0,0,0,0,0,0,0,0,0,2023-10-14 03:22:56,2
0,0,6,23,0,0,0,0,0,0,0,0,0,0,2023-10-14 03:24:56,0
664,664,156,184,0,0,0,0,0,1,0,1,1,1,2023-10-14 03:26:56,0
0,0,61,0,0,0,0,0,0,0,0,0,0,0,2023-10-14 03:28:56,0
664,664,105,253,0,0,0,0,0,1,2,1,1,2,2023-10-14 03:30:56,25
0,0,61,92,0,0,0,0,0,0,0,0,0,0,2023-10-14 03:32:56,0
0,0,4,0,0,0,0,0,0,0,0,0,0,0,2023-10-14 03:34:56,0
664,664,160,184,0,0,0,0,0,1,0,1,1,1,2023-10-14 03:36:56,0
0,0,1,0,0,0,0,0,0,0,0,0,0,0,2023-10-14 03:38:56,0
664,664,102,207,0,0,0,0,0,1,2,1,1,2,2023-10-14 03:40:56,25
0,0,63,138,0,0,0,0,0,0,0,0,0,0,2023-10-14 03:42:56,0
0,0,1,0,0,0,0,0,0,0,0,0,0,0,2023-10-14 03:44:56,0
664,664,162,184,0,0,0,0,0,1,0,1,1,1,2023-10-14 03:46:56,0
0,0,60,23,0,0,0,0,0,0,0,0,0,0,2023-10-14 03:48:56,0
664,664,101,161,0,0,0,0,0,1,2,1,1,2,2023-10-14 03:50:56,25
0,0,124,161,0,0,0,0,0,0,0,0,0,0,2023-10-14 03:52:56,0
0,0,1,0,0,0,0,0,0,0,0,0,0,0,2023-10-14 03:54:56,0
664,664,153,161,0,0,0,0,0,1,0,1,1,1,2023-10-14 03:56:56,0
0,0,69,69,0,0,0,0,0,0,0,0,0,0,2023-10-14 03:58:56,0
664,664,99,92,0,0,0,0,0,1,2,1,1,1,2023-10-14 04:00:56,25
0,0,123,230,0,0,0,0,0,0,0,0,0,1,2023-10-14 04:02:56,0
0,0,6,23,1,0,0,1,1,0,0,0,0,0,2023-10-14 04:04:56,1
664,664,157,138,0,0,0,0,0,1,0,1,1,1,2023-10-14 04:06:56,0
0,0,65,69,0,0,0,0,0,0,0,0,0,0,2023-10-14 04:08:56,0
664,664,99,69,0,0,0,0,0,0,0,0,0,1,2023-10-14 04:10:56,0
0,0,120,230,0,0,0,0,0,1,2,1,1,1,2023-10-14 04:12:56,25
0,0,6,46,0,0,0,0,0,0,0,0,0,0,2023-10-14 04:14:56,0
664,664,157,92,0,0,0,0,0,1,0,1,1,1,2023-10-14 04:16:56,0
0,0,62,92,0,0,0,0,0,0,0,0,0,0,2023-10-14 04:18:56,0
0,0,103,23,0,0,0,0,0,0,0,0,0,1,2023-10-14 04:20:56,0
664,664,122,253,0,0,0,0,0,1,2,1,1,1,2023-10-14 04:22:56,25
0,0,3,69,0,0,0,0,0,0,0,0,0,0,2023-10-14 04:24:56,0
664,664,160,92,0,0,0,0,0,1,0,1,1,1,2023-10-14 04:26:56,0
0,0,1,92,0,0,0,0,0,0,0,0,0,0,2023-10-14 04:28:56,0
0,0,103,92,0,0,0,0,0,0,0,0,0,1,2023-10-14 04:30:56,0
664,664,63,161,0,0,0,0,0,1,2,1,1,1,2023-10-14 04:32:56,25
0,0,3,92,0,0,0,0,0,0,0,0,0,0,2023-10-14 04:34:56,0
664,664,161,92,0,0,0,0,0,1,0,1,1,1,2023-10-14 04:36:56,0
0,0,60,92,0,0,0,0,0,0,0,0,0,0,2023-10-14 04:38:56,0
0,0,101,115,0,0,0,0,0,0,0,0,0,1,2023-10-14 04:40:56,0
664,664,123,138,0,0,0,0,0,1,2,1,1,1,2023-10-14 04:42:56,25
0,0,2,92,0,0,0,0,0,0,0,0,0,0,2023-10-14 04:44:56,0
664,664,158,115,0,0,0,0,0,1,0,1,1,1,2023-10-14 04:46:56,0
0,0,63,46,0,0,0,0,0,0,0,0,0,0,2023-10-14 04:48:56,0
0,0,101,230,0,0,0,0,0,0,0,0,0,2,2023-10-14 04:50:56,0
664,664,124,46,0,0,0,0,0,1,2,1,1,0,2023-10-14 04:52:56,25
0,0,1,92,0,0,0,0,0,0,0,0,0,0,2023-10-14 04:54:56,0
664,664,158,138,0,0,0,0,0,1,0,1,1,1,2023-10-14 04:56:56,0
0,0,415,0,0,0,0,0,0,0,0,0,0,0,2023-10-14 04:58:56,0
664,664,544,276,0,0,0,0,0,1,2,1,1,2,2023-10-14 05:00:56,25
0,0,542,46,0,0,0,0,0,0,0,0,0,0,2023-10-14 05:02:56,0
0,0,425,69,0,0,0,0,0,0,0,0,0,0,2023-10-14 05:04:56,0
664,664,569,161,0,0,0,0,0,1,0,1,1,1,2023-10-14 05:06:56,0
0,0,199,0,0,0,0,0,0,0,0,0,0,0,2023-10-14 05:08:56,0
664,664,103,253,0,0,0,0,0,1,2,1,1,2,2023-10-14 05:10:56,25
0,0,120,69,0,0,0,0,0,0,0,0,0,0,2023-10-14 05:12:56,3
0,0,5,23,0,0,0,0,0,0,0,0,0,0,2023-10-14 05:14:56,0
664,664,158,184,0,0,0,0,0,1,0,1,1,1,2023-10-14 05:16:56,0
0,0,60,0,0,0,0,0,0,0,0,0,0,0,2023-10-14 05:18:56,0
664,664,105,230,0,0,0,1,1,1,2,1,1,2,2023-10-14 05:20:56,25
0,0,61,115,0,0,0,0,0,0,0,0,0,0,2023-10-14 05:22:56,2
0,0,2,0,0,0,0,0,0,0,0,0,0,0,2023-10-14 05:24:56,0
664,664,161,184,0,0,0,0,0,1,0,1,1,1,2023-10-14 05:26:56,0
0,0,60,23,0,0,0,0,0,0,0,0,0,0,2023-10-14 05:28:56,0
664,664,101,161,0,0,0,0,0,1,2,1,1,2,2023-10-14 05:30:56,25
0,0,124,161,0,0,0,0,0,0,0,0,0,0,2023-10-14 05:32:56,0
0,0,1,0,0,0,0,0,0,0,0,0,0,0,2023-10-14 05:34:56,0
664,664,158,184,0,0,0,0,0,1,0,1,1,1,2023-10-14 05:36:56,0
0,0,65,46,0,0,0,0,0,0,0,0,0,0,2023-10-14 05:38:56,0
664,664,99,138,0,0,0,0,0,1,2,1,1,1,2023-10-14 05:40:56,25
0,0,125,161,0,0,0,0,0,0,0,0,0,1,2023-10-14 05:42:56,0
0,0,1,0,0,0,0,0,0,0,0,0,0,0,2023-10-14 05:44:56,0
664,664,158,161,0,0,0,0,0,1,0,1,1,1,2023-10-14 05:46:56,0
0,0,64,69,0,0,0,0,0,0,0,0,0,0,2023-10-14 05:48:56,0
664,664,100,92,0,0,0,0,0,0,2,0,0,1,2023-10-14 05:50:56,25
0,0,122,207,0,0,0,0,0,1,0,1,1,1,2023-10-14 05:52:56,0
0,0,4,23,0,0,0,0,0,0,0,0,0,0,2023-10-14 05:54:56,0
664,664,157,115,0,0,0,0,0,1,0,1,1,1,2023-10-14 05:56:56,0
0,0,423,92,0,0,0,0,0,0,0,0,0,0,2023-10-14 05:58:56,0
0,0,514,46,0,0,0,0,0,0,0,0,0,1,2023-10-14 06:00:56,764
664,664,539,276,0,0,0,0,0,1,2,1,1,1,2023-10-14 06:02:56,25
0,0,431,46,0,0,0,0,0,0,0,0,0,0,2023-10-14 06:04:56,0
664,664,557,92,0,0,0,0,0,1,0,1,1,1,2023-10-14 06:06:56,0
0,0,216,92,0,0,0,0,0,0,0,0,0,0,2023-10-14 06:08:56,0
0,0,102,69,0,0,0,0,0,0,0,0,0,1,2023-10-14 06:10:56,0
664,664,61,207,0,0,0,0,0,1,2,1,1,1,2023-10-14 06:12:56,25
0,0,3,69,0,0,0,0,0,0,0,0,0,0,2023-10-14 06:14:56,0
664,664,146,92,0,0,0,0,0,1,0,1,1,1,2023-10-14 06:16:56,0
0,0,15,92,0,0,0,0,0,0,0,0,0,0,2023-10-14 06:18:56,0
0,0,105,115,0,0,0,0,0,0,0,0,0,1,2023-10-14 06:20:56,0
664,664,122,138,0,0,0,0,0,1,2,1,1,1,2023-10-14 06:22:56,25
0,0,2,92,0,0,0,0,0,0,0,0,0,0,2023-10-14 06:24:56,0
664,664,152,115,2,1,1,0,0,1,0,1,1,1,2023-10-14 06:26:56,0
0,0,69,46,0,0,0,0,0,0,0,0,0,0,2023-10-14 06:28:56,0
0,0,101,161,0,0,0,0,0,0,0,0,0,1,2023-10-14 06:30:56,0
664,664,124,115,0,0,0,0,0,1,2,1,1,1,2023-10-14 06:32:56,25
0,0,1,92,0,0,0,0,0,0,0,0,0,0,2023-10-14 06:34:56,0
664,664,101,115,0,0,0,0,0,1,0,1,1,1,2023-10-14 06:36:56,0
0,0,63,23,0,0,0,0,0,0,0,0,0,0,2023-10-14 06:38:56,0
0,0,99,253,0,0,0,0,0,0,0,0,0,2,2023-10-14 06:40:56,0
664,664,125,46,0,0,0,0,0,1,2,1,1,0,2023-10-14 06:42:56,25
0,0,1,92,0,0,0,0,0,0,0,0,0,0,2023-10-14 06:44:56,0
664,664,98,138,0,0,0,0,0,1,0,1,1,1,2023-10-14 06:46:56,0
0,0,65,0,0,0,0,0,0,0,0,0,0,0,2023-10-14 06:48:56,0
664,664,100,276,1,0,0,0,0,1,2,1,1,2,2023-10-14 06:50:56,25
0,0,122,46,0,0,0,0,0,0,0,0,0,0,2023-10-14 06:52:56,0
0,0,4,46,0,0,0,0,0,0,0,0,0,0,2023-10-14 06:54:56,0
664,664,151,161,0,0,0,0,0,1,0,1,1,1,2023-10-14 06:56:56,0
0,0,68,0,0,0,0,0,0,0,0,0,0,0,2023-10-14 06:58:56,0
664,664,103,253,0,0,0,0,0,1,2,1,1,2,2023-10-14 07:00:56,25
0,0,62,115,0,0,0,0,0,0,0,0,0,0,2023-10-14 07:02:56,0
0,0,5,0,0,0,0,0,0,0,0,0,0,0,2023-10-14 07:04:56,0
664,664,141,184,0,0,0,0,0,1,0,1,1,1,2023-10-14 07:06:56,0
0,0,80,0,0,0,0,0,0,0,0,0,0,0,2023-10-14 07:08:56,0
664,664,104,207,1,1,1,2,2,1,2,1,1,2,2023-10-14 07:10:56,27
0,0,119,138,0,0,0,0,0,0,0,0,0,0,2023-10-14 07:12:56,0
0,0,3,0,0,0,0,0,0,0,0,0,0,0,2023-10-14 07:14:56,0
664,664,132,184,0,0,0,0,0,1,0,1,1,1,2023-10-14 07:16:56,0
0,0,89,23,0,0,0,0,0,0,0,0,0,0,2023-10-14 07:18:56,0
664,664,102,138,0,0,0,0,0,1,2,1,1,2,2023-10-14 07:20:56,25
0,0,63,184,0,0,0,0,0,0,0,0,0,0,2023-10-14 07:22:56,2
0,0,2,0,0,0,0,0,0,0,0,0,0,0,2023-10-14 07:24:56,0
664,664,102,184,0,0,0,0,0,1,0,1,1,1,2023-10-14 07:26:56,0
0,0,3,46,0,0,0,0,0,0,0,0,0,0,2023-10-14 07:28:56,0
664,664,100,138,0,0,0,0,0,1,2,1,1,1,2023-10-14 07:30:56,25
0,0,66,161,0,0,0,0,0,0,0,0,0,1,2023-10-14 07:32:56,0
0,0,2,23,0,0,0,0,0,0,0,0,0,0,2023-10-14 07:34:56,0
664,664,140,138,0,0,0,0,0,1,0,1,1,1,2023-10-14 07:36:56,0
0,0,82,69,0,0,0,0,0,0,0,0,0,0,2023-10-14 07:38:56,0
664,664,100,92,0,0,0,0,0,0,2,0,0,1,2023-10-14 07:40:56,25
0,0,121,207,2,1,1,1,1,1,0,1,1,1,2023-10-14 07:42:56,0
0,0,5,46,0,0,0,0,0,0,0,0,0,0,2023-10-14 07:44:56,0
664,664,144,92,0,0,0,0,0,1,0,1,1,1,2023-10-14 07:46:56,0
0,0,77,92,0,0,0,0,0,0,0,0,0,0,2023-10-14 07:48:56,0
0,0,101,46,0,0,0,0,0,0,0,0,0,0,2023-10-14 07:50:56,0
664,664,120,230,1,0,0,0,0,1,2,1,1,2,2023-10-14 07:52:56,25
0,0,5,69,0,0,0,0,0,0,0,0,0,0,2023-10-14 07:54:56,0
664,664,144,92,0,0,0,0,0,1,0,1,1,1,2023-10-14 07:56:56,0
0,0,438,92,0,0,0,0,0,0,0,0,0,0,2023-10-14 07:58:56,0
0,0,528,69,0,0,0,0,0,0,0,0,0,0,2023-10-14 08:00:56,0
664,664,545,207,1,1,1,0,0,1,2,1,1,2,2023-10-14 08:02:56,25
0,0,428,92,0,0,0,0,0,0,0,0,0,0,2023-10-14 08:04:56,0
664,664,565,92,0,0,0,0,0,1,0,1,1,1,2023-10-14 08:06:56,0
0,0,186,92,0,0,0,0,0,0,0,0,0,0,2023-10-14 08:08:56,0
0,0,103,115,2,0,0,0,0,0,0,0,0,0,2023-10-14 08:10:56,0
664,664,121,138,0,0,0,0,0,1,2,1,1,2,2023-10-14 08:12:56,25
0,0,1,92,0,0,0,0,0,0,0,0,0,0,2023-10-14 08:14:56,0
664,664,144,115,1,1,1,1,1,1,0,1,1,1,2023-10-14 08:16:56,0
0,0,78,46,0,0,0,0,0,0,0,0,0,0,2023-10-14 08:18:56,0
0,0,101,207,2,1,1,0,0,0,0,0,0,0,2023-10-14 08:20:56,0
664,664,126,69,0,0,0,0,0,1,2,1,1,2,2023-10-14 08:22:56,25
0,0,2,92,1,0,0,0,0,0,0,0,0,0,2023-10-14 08:24:56,0
664,664,144,138,0,0,0,0,0,1,0,1,1,1,2023-10-14 08:26:56,0
0,0,78,0,0,0,0,0,0,0,0,0,0,0,2023-10-14 08:28:56,0
0,0,99,253,2,1,1,1,1,0,2,0,0,1,2023-10-14 08:30:56,25
664,664,125,46,0,0,0,0,0,1,0,1,1,1,2023-10-14 08:32:56,0
0,0,1,92,0,0,0,0,0,0,0,0,0,0,2023-10-14 08:34:56,0
664,664,141,138,0,0,0,0,0,1,0,1,1,1,2023-10-14 08:36:56,0
0,0,82,0,0,0,0,0,0,0,0,0,0,0,2023-10-14 08:38:56,0
664,664,99,253,0,0,0,0,0,1,2,1,1,1,2023-10-14 08:40:56,25
0,0,122,69,0,0,0,0,0,0,0,0,0,1,2023-10-14 08:42:56,0
0,0,4,46,0,0,0,0,0,0,0,0,0,0,2023-10-14 08:44:56,0
664,664,144,161,0,0,0,0,0,1,0,1,1,1,2023-10-14 08:46:56,0
0,0,76,0,0,0,0,0,0,0,0,0,0,0,2023-10-14 08:48:56,0
664,664,104,230,2,1,1,0,0,1,2,1,1,1,2023-10-14 08:50:56,25
0,0,61,92,1,1,1,1,1,0,0,0,0,1,2023-10-14 08:52:56,0
0,0,6,23,4,1,1,1,1,0,0,0,0,0,2023-10-14 08:54:56,0
664,664,155,184,0,1,1,2,2,1,0,1,1,1,2023-10-14 08:56:56,0
0,0,408,0,0,0,0,0,0,0,0,0,0,0,2023-10-14 08:58:56,0
664,664,731,184,2,1,1,1,1,1,2,1,1,1,2023-10-14 09:00:56,793
0,0,535,207,0,1,1,1,1,0,0,0,0,1,2023-10-14 09:02:56,0
0,0,426,0,1,1,1,2,2,0,0,0,0,0,2023-10-14 09:04:56,0
664,664,570,184,2,1,1,0,0,1,0,1,1,1,2023-10-14 09:06:56,0
0,0,205,0,1,2,2,3,3,0,0,0,0,0,2023-10-14 09:08:56,0
664,664,100,230,0,0,0,0,0,1,2,1,1,0,2023-10-14 09:10:56,28
0,0,123,69,0,0,0,0,0,0,0,0,0,2,2023-10-14 09:12:56,0
0,0,1,92,1,1,1,2,2,0,0,0,0,0,2023-10-14 09:14:56,2
664,664,132,115,2,1,1,2,2,1,0,1,1,1,2023-10-14 09:16:56,0
0,0,30,23,0,0,0,0,0,0,0,0,0,0,2023-10-14 09:18:56,0
0,0,100,253,1,1,1,1,1,0,0,0,0,0,2023-10-14 09:20:56,0
664,664,124,46,0,0,0,0,0,1,2,1,1,2,2023-10-14 09:22:56,25
0,0,2,92,2,1,1,0,0,0,0,0,0,0,2023-10-14 09:24:56,0
664,664,147,92,2,1,1,0,0,1,0,1,1,1,2023-10-14 09:26:56,4
0,0,74,92,0,0,0,0,0,0,0,0,0,0,2023-10-14 09:28:56,0
0,0,99,115,0,0,0,0,0,0,0,0,0,0,2023-10-14 09:30:56,2
664,664,122,138,1,1,1,0,0,1,2,1,1,2,2023-10-14 09:32:56,25
0,0,4,92,0,0,0,0,0,0,0,0,0,0,2023-10-14 09:34:56,0
664,664,141,92,0,0,0,0,0,1,0,1,1,1,2023-10-14 09:36:56,0
0,0,80,92,1,1,1,1,1,0,0,0,0,0,2023-10-14 09:38:56,0
0,0,100,69,2,2,2,1,1,0,0,0,0,0,2023-10-14 09:40:56,6
664,664,61,230,0,0,0,0,0,1,2,1,1,2,2023-10-14 09:42:56,25
0,0,6,46,5,2,2,4,4,0,0,0,0,0,2023-10-14 09:44:56,2
664,664,146,92,1,1,1,0,0,1,0,1,1,1,2023-10-14 09:46:56,0
0,0,72,92,1,1,1,2,2,0,0,0,0,0,2023-10-14 09:48:56,0
664,664,103,138,6,5,5,3,3,1,2,1,1,0,2023-10-14 09:50:56,36
0,0,121,161,1,0,0,2,2,0,0,0,0,2,2023-10-14 09:52:56,0
0,0,2,0,6,4,4,3,3,0,0,0,0,0,2023-10-14 09:54:56,2
664,664,102,184,3,4,4,4,4,1,0,1,1,1,2023-10-14 09:56:56,4
0,0,336,46,1,1,1,0,0,0,0,0,0,0,2023-10-14 09:58:56,0
664,664,680,92,3,2,2,2,2,1,2,1,1,0,2023-10-14 10:00:56,1778
0,0,748,253,2,2,2,1,1,0,0,0,0,2,2023-10-14 10:02:56,0
0,0,416,0,3,2,2,3,3,0,0,0,0,0,2023-10-14 10:04:56,0
664,664,572,184,0,0,0,0,0,1,0,1,1,1,2023-10-14 10:06:56,0
0,0,235,0,2,2,2,3,3,0,0,0,0,0,2023-10-14 10:08:56,8
664,664,102,207,0,0,0,0,0,1,2,1,1,0,2023-10-14 10:10:56,25
0,0,123,138,5,3,3,4,4,0,0,0,0,2,2023-10-14 10:12:56,0
0,0,1,0,1,1,1,1,1,0,0,0,0,0,2023-10-14 10:14:56,0
664,664,149,184,1,0,0,0,0,1,0,1,1,1,2023-10-14 10:16:56,0
0,0,73,0,1,1,1,2,2,0,0,0,0,0,2023-10-14 10:18:56,0
664,664,101,253,1,2,2,2,2,1,2,1,1,0,2023-10-14 10:20:56,25
0,0,126,92,3,1,1,2,2,0,0,0,0,2,2023-10-14 10:22:56,0
0,0,1,0,1,2,2,0,0,0,0,0,0,0,2023-10-14 10:24:56,4
664,664,148,184,0,0,0,0,0,1,0,1,1,1,2023-10-14 10:26:56,0
0,0,74,23,3,3,3,2,2,0,0,0,0,0,2023-10-14 10:28:56,2
664,664,100,161,2,2,2,3,3,1,2,1,1,0,2023-10-14 10:30:56,25
0,0,62,161,3,3,3,1,1,0,0,0,0,2,2023-10-14 10:32:56,4
0,0,4,0,3,2,2,2,2,0,0,0,0,0,2023-10-14 10:34:56,0
664,664,151,184,0,1,1,0,0,1,0,1,1,1,2023-10-14 10:36:56,4
0,0,69,0,1,0,0,1,1,0,0,0,0,0,2023-10-14 10:38:56,0
664,664,104,207,0,1,1,0,0,1,2,1,1,0,2023-10-14 10:40:56,25
0,0,122,138,1,0,0,3,3,0,0,0,0,2,2023-10-14 10:42:56,0
0,0,6,0,1,3,3,0,0,0,0,0,0,0,2023-10-14 10:44:56,12
664,664,151,184,1,2,2,1,1,1,0,1,1,1,2023-10-14 10:46:56,4
0,0,71,23,0,0,0,0,0,0,0,0,0,0,2023-10-14 10:48:56,0
664,664,107,161,0,0,0,0,0,1,2,1,1,0,2023-10-14 10:50:56,25
0,0,122,161,1,1,1,0,0,0,0,0,0,2,2023-10-14 10:52:56,0
0,0,3,0,1,0,0,1,1,0,0,0,0,0,2023-10-14 10:54:56,0
664,664,102,184,0,0,0,0,0,1,0,1,1,1,2023-10-14 10:56:56,0
0,0,411,46,1,0,0,0,0,0,0,0,0,0,2023-10-14 10:58:56,0
664,664,567,161,4,2,2,2,2,1,2,1,1,0,2023-10-14 11:00:56,25
0,0,611,161,0,1,1,0,0,0,0,0,0,2,2023-10-14 11:02:56,0
0,0,422,0,0,0,0,0,0,0,0,0,0,0,2023-10-14 11:04:56,0
664,664,570,184,0,0,0,0,0,1,0,1,1,1,2023-10-14 11:06:56,0
0,0,203,46,4,3,3,3,3,0,0,0,0,0,2023-10-14 11:08:56,0
664,664,101,115,1,0,0,0,0,1,2,1,1,1,2023-10-14 11:10:56,25
0,0,123,184,1,0,0,2,2,0,0,0,0,1,2023-10-14 11:12:56,0
0,0,2,0,0,1,1,0,0,0,0,0,0,0,2023-10-14 11:14:56,0
664,664,155,184,2,1,1,1,1,1,0,1,1,1,2023-10-14 11:16:56,1
0,0,66,0,1,1,1,1,1,0,0,0,0,0,2023-10-14 11:18:56,0
664,664,101,161,0,0,0,0,0,1,2,1,1,1,2023-10-14 11:20:56,25
0,0,120,184,2,1,1,2,2,0,0,0,0,1,2023-10-14 11:22:56,0
0,0,4,0,3,0,0,0,0,0,0,0,0,0,2023-10-14 11:24:56,0
664,664,142,184,1,1,1,1,1,1,0,1,1,1,2023-10-14 11:26:56,0
0,0,79,0,2,2,2,2,2,0,0,0,0,0,2023-10-14 11:28:56,4
664,664,99,253,1,1,1,1,1,1,2,1,1,1,2023-10-14 11:30:56,25
0,0,121,46,0,0,0,0,0,0,0,0,0,1,2023-10-14 11:32:56,2
0,0,5,92,0,0,0,0,0,0,0,0,0,0,2023-10-14 11:34:56,0
664,664,153,138,2,1,1,1,1,1,0,1,1,1,2023-10-14 11:36:56,0
0,0,66,0,1,0,0,1,1,0,0,0,0,0,2023-10-14 11:38:56,0
0,0,102,230,0,1,1,0,0,0,0,0,0,0,2023-10-14 11:40:56,0
664,664,62,69,1,1,1,1,1,1,2,1,1,2,2023-10-14 11:42:56,25
0,0,2,92,4,1,1,2,2,0,0,0,0,0,2023-10-14 11:44:56,0
664,664,152,92,0,1,1,0,0,1,0,1,1,1,2023-10-14 11:46:56,0
0,0,69,92,0,0,0,0,0,0,0,0,0,0,2023-10-14 11:48:56,0
0,0,103,115,4,1,1,0,0,0,0,0,0,0,2023-10-14 11:50:56,0
664,664,62,138,0,0,0,0,0,1,2,1,1,2,2023-10-14 11:52:56,25
0,0,1,92,1,1,1,0,0,0,0,0,0,0,2023-10-14 11:54:56,0
664,664,155,69,0,0,0,0,0,1,0,1,1,1,2023-10-14 11:56:56,0
0,0,413,115,3,2,2,0,0,0,0,0,0,0,2023-10-14 11:58:56,2
0,0,526,138,2,3,3,5,5,0,0,0,0,1,2023-10-14 12:00:56,764
664,664,541,207,0,0,0,0,0,1,2,1,1,1,2023-10-14 12:02:56,25
0,0,428,46,0,0,0,0,0,0,0,0,0,0,2023-10-14 12:04:56,0
664,664,558,92,0,0,0,0,0,1,0,1,1,1,2023-10-14 12:06:56,0
0,0,218,92,4,2,2,4,4,0,0,0,0,0,2023-10-14 12:08:56,0
664,664,99,92,0,0,0,0,0,0,2,0,0,0,2023-10-14 12:10:56,25
0,0,125,207,0,0,0,0,0,1,0,1,1,2,2023-10-14 12:12:56,0
0,0,3,0,0,0,0,0,0,0,0,0,0,0,2023-10-14 12:14:56,0
664,664,123,184,0,0,0,0,0,1,0,1,1,1,2023-10-14 12:16:56,0
0,0,105,46,0,0,0,0,0,0,0,0,0,0,2023-10-14 12:18:56,0
664,664,103,92,1,0,0,2,2,1,2,1,1,1,2023-10-14 12:20:56,30
0,0,120,230,0,1,1,0,0,0,0,0,0,1,2023-10-14 12:22:56,4
0,0,6,0,0,0,0,0,0,0,0,0,0,0,2023-10-14 12:24:56,0
664,664,135,184,0,0,0,0,0,1,0,1,1,1,2023-10-14 12:26:56,0
0,0,85,46,4,2,2,1,1,0,0,0,0,0,2023-10-14 12:28:56,4
664,664,105,207,1,0,0,0,0,1,2,1,1,1,2023-10-14 12:30:56,27
0,0,120,115,0,0,0,0,0,0,0,0,0,1,2023-10-14 12:32:56,0
0,0,12,23,0,0,0,0,0,0,0,0,0,0,2023-10-14 12:34:56,0
664,664,126,184,0,0,0,0,0,1,0,1,1,1,2023-10-14 12:36:56,4
0,0,99,0,0,0,0,0,0,0,0,0,0,0,2023-10-14 12:38:56,0
664,664,105,207,0,0,0,0,0,1,2,1,1,1,2023-10-14 12:40:56,25
0,0,127,138,2,1,1,0,0,0,0,0,0,1,2023-10-14 12:42:56,4
0,0,3,69,1,1,1,2,2,0,0,0,0,0,2023-10-14 12:44:56,0
664,664,105,138,0,0,0,0,0,1,0,1,1,1,2023-10-14 12:46:56,0
0,0,63,0,0,0,0,0,0,0,0,0,0,0,2023-10-14 12:48:56,0
0,0,104,184,1,0,0,0,0,0,0,0,0,1,2023-10-14 12:50:56,0
664,664,64,115,0,0,0,0,0,1,2,1,1,0,2023-10-14 12:52:56,25
0,0,1,92,1,0,0,0,0,0,0,0,0,1,2023-10-14 12:54:56,0
664,664,128,115,2,1,1,2,2,1,0,1,1,1,2023-10-14 12:56:56,0
0,0,442,69,1,2,2,4,4,0,0,0,0,0,2023-10-14 12:58:56,0
0,0,524,138,0,0,0,0,0,0,0,0,0,1,2023-10-14 13:00:56,0
664,664,543,138,3,1,1,1,1,1,2,1,1,0,2023-10-14 13:02:56,25
0,0,422,92,0,1,1,2,2,0,0,0,0,1,2023-10-14 13:04:56,0
664,664,534,92,1,1,1,2,2,1,0,1,1,1,2023-10-14 13:06:56,12
0,0,195,92,0,0,0,0,0,0,0,0,0,0,2023-10-14 13:08:56,0
0,0,101,115,0,0,0,0,0,0,0,0,0,1,2023-10-14 13:10:56,0
664,664,123,184,0,0,0,0,0,1,2,1,1,0,2023-10-14 13:12:56,25
0,0,4,46,0,0,0,0,0,0,0,0,0,1,2023-10-14 13:14:56,0
664,664,130,92,1,1,1,1,1,1,0,1,1,1,2023-10-14 13:16:56,0
0,0,34,92,1,1,1,1,1,0,0,0,0,0,2023-10-14 13:18:56,1
664,664,100,92,1,0,0,0,0,0,2,0,0,1,2023-10-14 13:20:56,25
0,0,63,207,1,1,1,0,0,1,0,1,1,0,2023-10-14 13:22:56,0
0,0,7,23,0,0,0,0,0,0,0,0,0,1,2023-10-14 13:24:56,0
664,664,127,138,0,0,0,0,0,1,0,1,1,1,2023-10-14 13:26:56,0
0,0,34,69,1,0,0,0,0,0,0,0,0,0,2023-10-14 13:28:56,0
664,664,103,115,0,1,1,0,0,1,2,1,1,0,2023-10-14 13:30:56,25
0,0,123,184,1,1,1,2,2,0,0,0,0,1,2023-10-14 13:32:56,0
0,0,5,0,2,0,0,0,0,0,0,0,0,1,2023-10-14 13:34:56,0
664,664,137,161,1,1,1,1,1,1,0,1,1,1,2023-10-14 13:36:56,0
0,0,84,46,0,1,1,1,1,0,0,0,0,0,2023-10-14 13:38:56,4
664,664,105,138,0,0,0,0,0,1,2,1,1,0,2023-10-14 13:40:56,25
0,0,123,184,0,0,0,0,0,0,0,0,0,1,2023-10-14 13:42:56,2
0,0,2,0,0,0,0,0,0,0,0,0,0,1,2023-10-14 13:44:56,0
664,664,134,184,0,0,0,0,0,1,0,1,1,1,2023-10-14 13:46:56,0
0,0,37,0,1,1,1,0,0,0,0,0,0,0,2023-10-14 13:48:56,0
664,664,104,253,1,0,0,0,0,1,2,1,1,1,2023-10-14 13:50:56,25
0,0,122,69,1,1,1,2,2,0,0,0,0,0,2023-10-14 13:52:56,0
0,0,2,46,3,1,1,1,1,0,0,0,0,1,2023-10-14 13:54:56,0
664,664,138,161,0,1,1,1,1,1,0,1,1,1,2023-10-14 13:56:56,0
0,0,427,0,1,1,1,0,0,0,0,0,0,0,2023-10-14 13:58:56,4
0,0,525,138,0,0,0,0,0,0,0,0,0,0,2023-10-14 14:00:56,0
664,664,540,184,1,0,0,0,0,1,2,1,1,1,2023-10-14 14:02:56,27
0,0,429,92,0,1,1,0,0,0,0,0,0,1,2023-10-14 14:04:56,0
664,664,570,115,2,1,1,1,1,1,0,1,1,1,2023-10-14 14:06:56,0
0,0,159,46,1,1,1,1,1,0,0,0,0,0,2023-10-14 14:08:56,0
0,0,101,161,4,1,1,1,1,0,0,0,0,0,2023-10-14 14:10:56,0
664,664,126,115,0,1,1,2,2,1,2,1,1,1,2023-10-14 14:12:56,29
0,0,7,92,1,0,0,1,1,0,0,0,0,1,2023-10-14 14:14:56,0
664,664,127,92,0,1,1,0,0,1,0,1,1,1,2023-10-14 14:16:56,0
0,0,100,92,2,0,0,0,0,0,0,0,0,0,2023-10-14 14:18:56,0
0,0,103,138,1,2,2,1,1,0,0,0,0,1,2023-10-14 14:20:56,4
664,664,120,138,1,1,1,2,2,1,2,1,1,0,2023-10-14 14:22:56,25
0,0,9,69,0,0,0,0,0,0,0,0,0,1,2023-10-14 14:24:56,0
664,664,124,92,2,1,1,0,0,1,0,1,1,1,2023-10-14 14:26:56,0
0,0,98,92,1,0,0,0,0,0,0,0,0,0,2023-10-14 14:28:56,0
664,664,104,69,3,2,2,3,3,0,2,0,0,0,2023-10-14 14:30:56,25
0,0,124,230,2,1,1,1,1,1,0,1,1,1,2023-10-14 14:32:56,2
0,0,3,23,1,0,0,0,0,0,0,0,0,1,2023-10-14 14:34:56,0
664,664,124,138,2,2,2,4,4,1,0,1,1,1,2023-10-14 14:36:56,0
0,0,96,69,1,2,2,0,0,0,0,0,0,0,2023-10-14 14:38:56,1
664,664,100,138,0,0,0,0,0,1,2,1,1,1,2023-10-14 14:40:56,25
0,0,123,161,2,2,2,2,2,0,0,0,0,0,2023-10-14 14:42:56,8
0,0,2,0,0,1,1,2,2,0,0,0,0,1,2023-10-14 14:44:56,0
664,664,125,184,0,0,0,0,0,1,0,1,1,1,2023-10-14 14:46:56,0
0,0,96,23,1,1,1,1,1,0,0,0,0,0,2023-10-14 14:48:56,0
664,664,101,207,2,1,1,1,1,1,2,1,1,0,2023-10-14 14:50:56,25
0,0,123,115,2,1,1,1,1,0,0,0,0,1,2023-10-14 14:52:56,0
0,0,1,0,2,1,1,3,3,0,0,0,0,1,2023-10-14 14:54:56,0
664,664,122,184,1,0,0,0,0,1,0,1,1,1,2023-10-14 14:56:56,0
0,0,448,0,2,0,0,0,0,0,0,0,0,0,2023-10-14 14:58:56,0
664,664,518,230,0,1,1,1,1,1,2,1,1,0,2023-10-14 15:00:56,789
0,0,539,115,7,3,3,2,2,0,0,0,0,1,2023-10-14 15:02:56,4
0,0,427,69,2,1,1,0,0,0,0,0,0,1,2023-10-14 15:04:56,0
664,664,559,115,7,0,0,0,0,1,0,1,1,1,2023-10-14 15:06:56,0
0,0,224,23,0,0,0,0,0,0,0,0,0,0,2023-10-14 15:08:56,0
0,0,99,253,0,0,0,0,0,0,0,0,0,0,2023-10-14 15:10:56,0
664,664,120,46,1,0,0,0,0,1,2,1,1,1,2023-10-14 15:12:56,25
0,0,5,92,0,0,0,0,0,0,0,0,0,1,2023-10-14 15:14:56,0
664,664,121,115,1,1,1,1,1,1,0,1,1,1,2023-10-14 15:16:56,4
0,0,97,46,1,0,0,0,0,0,0,0,0,0,2023-10-14 15:18:56,0
0,0,127,138,0,0,0,0,0,0,0,0,0,0,2023-10-14 15:20:56,0
664,664,120,138,0,0,0,0,0,1,2,1,1,1,2023-10-14 15:22:56,25
0,0,2,92,2,1,1,0,0,0,0,0,0,1,2023-10-14 15:24:56,0
664,664,137,92,1,2,2,4,4,1,0,1,1,1,2023-10-14 15:26:56,2
0,0,86,92,1,0,0,0,0,0,0,0,0,0,2023-10-14 15:28:56,0
0,0,103,92,0,0,0,0,0,0,0,0,0,1,2023-10-14 15:30:56,0
664,664,122,184,1,1,1,2,2,1,2,1,1,0,2023-10-14 15:32:56,37
0,0,1,69,0,0,0,0,0,0,0,0,0,1,2023-10-14 15:34:56,0
664,664,125,92,1,1,1,1,1,1,0,1,1,1,2023-10-14 15:36:56,4
0,0,96,92,2,1,1,1,1,0,0,0,0,0,2023-10-14 15:38:56,0
664,664,100,138,0,0,0,0,0,0,2,0,0,1,2023-10-14 15:40:56,25
0,0,123,161,0,0,0,0,0,1,0,1,1,0,2023-10-14 15:42:56,0
0,0,1,23,0,0,0,0,0,0,0,0,0,1,2023-10-14 15:44:56,0
664,664,122,138,0,0,0,0,0,1,0,1,1,1,2023-10-14 15:46:56,0
0,0,40,69,2,2,2,3,3,0,0,0,0,0,2023-10-14 15:48:56,0
664,664,100,46,3,1,1,2,2,1,2,1,1,1,2023-10-14 15:50:56,25
0,0,124,253,0,1,1,0,0,0,0,0,0,0,2023-10-14 15:52:56,4
0,0,1,0,0,0,0,0,0,0,0,0,0,1,2023-10-14 15:54:56,2
664,664,123,184,0,0,0,0,0,1,0,1,1,1,2023-10-14 15:56:56,4
0,0,446,23,0,0,0,0,0,0,0,0,0,0,2023-10-14 15:58:56,0
664,664,518,207,2,0,0,0,0,1,2,1,1,1,2023-10-14 16:00:56,1778
0,0,541,184,0,0,0,0,0,0,0,0,0,0,2023-10-14 16:02:56,0
0,0,423,0,0,0,0,0,0,0,0,0,0,1,2023-10-14 16:04:56,0
664,664,551,184,0,0,0,0,0,1,0,1,1,1,2023-10-14 16:06:56,0
0,0,232,0,0,0,0,0,0,0,0,0,0,0,2023-10-14 16:08:56,0
664,664,102,253,0,0,0,0,0,1,2,1,1,0,2023-10-14 16:10:56,25
0,0,61,69,0,0,0,2,2,0,0,0,0,1,2023-10-14 16:12:56,0
0,0,5,46,4,2,2,2,2,0,0,0,0,1,2023-10-14 16:14:56,5
664,664,124,161,2,2,2,1,1,1,0,1,1,1,2023-10-14 16:16:56,2
0,0,93,0,4,2,2,2,2,0,0,0,0,0,2023-10-14 16:18:56,0
0,0,104,161,1,0,0,0,0,0,0,0,0,0,2023-10-14 16:20:56,0
664,664,120,138,0,0,0,0,0,1,2,1,1,1,2023-10-14 16:22:56,25
0,0,5,92,0,0,0,0,0,0,0,0,0,1,2023-10-14 16:24:56,0
664,664,102,115,0,0,0,0,0,1,0,1,1,1,2023-10-14 16:26:56,0
0,0,60,69,0,0,0,0,0,0,0,0,0,0,2023-10-14 16:28:56,0
0,0,100,138,0,0,0,0,0,0,0,0,0,0,2023-10-14 16:30:56,0
664,664,124,115,0,0,0,0,0,1,2,1,1,1,2023-10-14 16:32:56,27
0,0,2,92,3,0,0,0,0,0,0,0,0,1,2023-10-14 16:34:56,0
664,664,130,92,2,1,1,2,2,1,0,1,1,1,2023-10-14 16:36:56,0
0,0,91,92,0,0,0,0,0,0,0,0,0,0,2023-10-14 16:38:56,0
0,0,99,138,0,0,0,0,0,0,0,0,0,1,2023-10-14 16:40:56,0
664,664,124,161,0,0,0,0,0,1,2,1,1,0,2023-10-14 16:42:56,25
0,0,1,46,0,0,0,0,0,0,0,0,0,1,2023-10-14 16:44:56,0
664,664,124,92,1,0,0,0,0,1,0,1,1,1,2023-10-14 16:46:56,0
0,0,97,92,8,2,2,2,2,0,0,0,0,0,2023-10-14 16:48:56,0
664,664,100,69,0,0,0,0,0,1,2,1,1,0,2023-10-14 16:50:56,25
0,0,122,230,0,0,0,0,0,0,0,0,0,1,2023-10-14 16:52:56,0
0,0,4,0,0,0,0,0,0,0,0,0,0,1,2023-10-14 16:54:56,0
664,664,123,184,0,0,0,0,0,1,0,1,1,1,2023-10-14 16:56:56,0
0,0,437,46,1,0,0,0,0,0,0,0,0,0,2023-10-14 16:58:56,0
664,664,519,161,1,0,0,0,0,1,2,1,1,1,2023-10-14 17:00:56,25
0,0,540,161,2,2,2,3,3,0,0,0,0,0,2023-10-14 17:02:56,0
0,0,423,0,2,2,2,2,2,0,0,0,0,1,2023-10-14 17:04:56,0
664,664,560,184,0,0,0,0,0,1,0,1,1,1,2023-10-14 17:06:56,0
0,0,230,0,0,0,0,0,0,0,0,0,0,0,2023-10-14 17:08:56,0
664,664,103,184,0,0,0,0,0,1,2,1,1,0,2023-10-14 17:10:56,25
0,0,119,161,1,1,1,0,0,0,0,0,0,1,2023-10-14 17:12:56,0
0,0,2,0,2,0,0,0,0,0,0,0,0,1,2023-10-14 17:14:56,0
664,664,124,184,0,0,0,0,0,1,0,1,1,1,2023-10-14 17:16:56,0
0,0,96,0,0,0,0,0,0,0,0,0,0,0,2023-10-14 17:18:56,0
664,664,105,207,0,0,0,0,0,1,2,1,1,0,2023-10-14 17:20:56,25
0,0,61,92,0,0,0,0,0,0,0,0,0,1,2023-10-14 17:22:56,0
0,0,1,92,0,0,0,2,2,0,0,0,0,1,2023-10-14 17:24:56,0
664,664,125,138,2,0,0,0,0,1,0,1,1,1,2023-10-14 17:26:56,0
0,0,96,0,0,1,1,1,1,0,0,0,0,0,2023-10-14 17:28:56,1
0,0,100,253,0,0,0,0,0,0,0,0,0,0,2023-10-14 17:30:56,0
664,664,124,46,1,0,0,0,0,1,2,1,1,1,2023-10-14 17:32:56,25
0,0,2,92,0,0,0,0,0,0,0,0,0,1,2023-10-14 17:34:56,0
664,664,124,92,0,0,0,0,0,1,0,1,1,1,2023-10-14 17:36:56,0
0,0,97,92,1,0,0,0,0,0,0,0,0,0,2023-10-14 17:38:56,0
0,0,98,115,2,0,0,0,0,0,0,0,0,0,2023-10-14 17:40:56,0
664,664,66,138,3,2,2,3,3,1,2,1,1,1,2023-10-14 17:42:56,29
0,0,1,92,1,0,0,0,0,0,0,0,0,1,2023-10-14 17:44:56,0
664,664,121,69,1,2,2,2,2,1,0,1,1,1,2023-10-14 17:46:56,0
0,0,101,115,0,0,0,0,0,0,0,0,0,0,2023-10-14 17:48:56,0
0,0,100,92,0,0,0,0,0,0,0,0,0,1,2023-10-14 17:50:56,0
664,664,121,207,0,0,0,0,0,1,2,1,1,0,2023-10-14 17:52:56,25
0,0,4,46,0,0,0,0,0,0,0,0,0,0,2023-10-14 17:54:56,0
664,664,121,92,2,2,2,2,2,1,0,1,1,2,2023-10-14 17:56:56,0
0,0,431,92,1,0,0,0,0,0,0,0,0,0,2023-10-14 17:58:56,0
664,664,521,115,0,1,1,0,0,1,2,1,1,1,2023-10-14 18:00:56,797
0,0,517,207,0,0,0,0,0,0,0,0,0,0,2023-10-14 18:02:56,0
0,0,424,23,0,0,0,0,0,0,0,0,0,0,2023-10-14 18:04:56,0
664,664,549,161,0,0,0,0,0,1,0,1,1,2,2023-10-14 18:06:56,0
0,0,270,46,0,0,0,0,0,0,0,0,0,0,2023-10-14 18:08:56,0
664,664,104,69,0,0,0,0,0,1,2,1,1,1,2023-10-14 18:10:56,25
0,0,62,230,0,0,0,0,0,0,0,0,0,0,2023-10-14 18:12:56,0
0,0,2,0,2,1,1,1,1,0,0,0,0,0,2023-10-14 18:14:56,0
664,664,394,184,0,0,0,0,0,1,0,1,1,2,2023-10-14 18:16:56,0
0,0,96,0,0,0,0,0,0,0,0,0,0,0,2023-10-14 18:18:56,0
664,664,102,207,0,0,0,0,0,1,2,1,1,0,2023-10-14 18:20:56,25
0,0,122,138,1,1,1,0,0,0,0,0,0,1,2023-10-14 18:22:56,0
0,0,4,0,0,0,0,0,0,0,0,0,0,0,2023-10-14 18:24:56,0
664,664,125,184,0,0,0,0,0,1,0,1,1,2,2023-10-14 18:26:56,0
0,0,96,0,0,0,0,0,0,0,0,0,0,0,2023-10-14 18:28:56,0
664,664,99,253,1,0,0,0,0,1,2,1,1,0,2023-10-14 18:30:56,25
0,0,125,46,0,1,1,1,1,0,0,0,0,1,2023-10-14 18:32:56,0
0,0,1,92,0,0,0,0,0,0,0,0,0,0,2023-10-14 18:34:56,0
664,664,124,138,0,0,0,0,0,1,0,1,1,2,2023-10-14 18:36:56,0
0,0,98,0,0,0,0,0,0,0,0,0,0,0,2023-10-14 18:38:56,0
0,0,99,184,0,0,0,0,0,0,0,0,0,1,2023-10-14 18:40:56,0
664,664,121,115,0,0,0,0,0,1,2,1,1,0,2023-10-14 18:42:56,25
0,0,5,92,0,0,0,0,0,0,0,0,0,0,2023-10-14 18:44:56,0
664,664,121,92,0,0,0,0,0,1,0,1,1,2,2023-10-14 18:46:56,0
0,0,100,92,0,0,0,0,0,0,0,0,0,0,2023-10-14 18:48:56,0
0,0,99,161,2,1,1,0,0,0,0,0,0,1,2023-10-14 18:50:56,0
664,664,121,92,0,0,0,0,0,1,2,1,1,0,2023-10-14 18:52:56,25
0,0,5,92,0,0,0,0,0,0,0,0,0,0,2023-10-14 18:54:56,0
664,664,121,92,1,1,1,2,2,1,0,1,1,2,2023-10-14 18:56:56,0
0,0,443,92,0,0,0,0,0,0,0,0,0,0,2023-10-14 18:58:56,0
0,0,521,92,2,0,0,0,0,0,0,0,0,1,2023-10-14 19:00:56,0
664,664,536,230,0,1,1,0,0,1,2,1,1,0,2023-10-14 19:02:56,25
0,0,418,46,2,0,0,0,0,0,0,0,0,0,2023-10-14 19:04:56,0
664,664,550,92,1,1,1,1,1,1,0,1,1,2,2023-10-14 19:06:56,0
0,0,242,92,0,1,1,1,1,0,0,0,0,0,2023-10-14 19:08:56,0
664,664,103,69,0,0,0,0,0,0,2,0,0,0,2023-10-14 19:10:56,25
0,0,62,230,1,0,0,1,1,1,0,1,1,1,2023-10-14 19:12:56,0
0,0,1,0,0,1,1,0,0,0,0,0,0,0,2023-10-14 19:14:56,0
664,664,125,184,0,0,0,0,0,1,0,1,1,2,2023-10-14 19:16:56,0
0,0,96,46,0,0,0,0,0,0,0,0,0,0,2023-10-14 19:18:56,0
664,664,102,115,1,0,0,0,0,1,2,1,1,0,2023-10-14 19:20:56,25
0,0,122,184,0,1,1,1,1,0,0,0,0,1,2023-10-14 19:22:56,0
0,0,1,0,0,0,0,0,0,0,0,0,0,0,2023-10-14 19:24:56,0
664,664,122,184,0,0,0,0,0,1,0,1,1,2,2023-10-14 19:26:56,0
0,0,99,23,0,0,0,0,0,0,0,0,0,0,2023-10-14 19:28:56,0
664,664,100,207,6,0,0,1,1,1,2,1,1,0,2023-10-14 19:30:56,36
0,0,124,115,0,0,0,0,0,0,0,0,0,1,2023-10-14 19:32:56,0
0,0,1,0,0,0,0,0,0,0,0,0,0,0,2023-10-14 19:34:56,0
664,664,122,184,0,0,0,0,0,1,0,1,1,2,2023-10-14 19:36:56,0
0,0,100,0,0,0,0,0,0,0,0,0,0,0,2023-10-14 19:38:56,0
664,664,100,207,1,1,1,1,1,1,2,1,1,0,2023-10-14 19:40:56,25
0,0,121,115,3,2,2,2,2,0,0,0,0,1,2023-10-14 19:42:56,0
0,0,4,69,0,0,0,0,0,0,0,0,0,0,2023-10-14 19:44:56,0
664,664,123,138,0,0,0,0,0,1,0,1,1,2,2023-10-14 19:46:56,0
0,0,97,0,0,0,0,0,0,0,0,0,0,0,2023-10-14 19:48:56,0
0,0,103,253,4,2,2,0,0,0,0,0,0,1,2023-10-14 19:50:56,0
664,664,120,46,0,0,0,0,0,1,2,1,1,0,2023-10-14 19:52:56,25
0,0,5,92,0,0,0,0,0,0,0,0,0,0,2023-10-14 19:54:56,0
664,664,121,92,0,0,0,0,0,1,0,1,1,2,2023-10-14 19:56:56,0
0,0,439,92,2,0,0,0,0,0,0,0,0,0,2023-10-14 19:58:56,0
0,0,522,115,0,0,0,0,0,0,0,0,0,0,2023-10-14 20:00:56,2
664,664,525,161,0,0,0,0,0,1,2,1,1,1,2023-10-14 20:02:56,25
0,0,419,92,0,0,0,0,0,0,0,0,0,0,2023-10-14 20:04:56,0
664,664,550,92,0,0,0,0,0,1,0,1,1,2,2023-10-14 20:06:56,0
0,0,256,92,0,0,0,0,0,0,0,0,0,0,2023-10-14 20:08:56,0
0,0,100,46,0,0,0,0,0,0,0,0,0,1,2023-10-14 20:10:56,0
664,664,123,253,0,0,0,0,0,1,2,1,1,0,2023-10-14 20:12:56,25
0,0,1,46,0,0,0,0,0,0,0,0,0,0,2023-10-14 20:14:56,0
664,664,125,115,1,1,1,1,1,1,0,1,1,2,2023-10-14 20:16:56,0
0,0,96,69,0,0,0,0,0,0,0,0,0,0,2023-10-14 20:18:56,0
664,664,100,115,3,0,0,0,0,1,2,1,1,0,2023-10-14 20:20:56,25
0,0,124,184,1,1,1,1,1,0,0,0,0,1,2023-10-14 20:22:56,0
0,0,1,0,2,1,1,1,1,0,0,0,0,0,2023-10-14 20:24:56,0
664,664,127,184,0,0,0,0,0,1,0,1,1,2,2023-10-14 20:26:56,0
0,0,96,46,0,0,0,0,0,0,0,0,0,0,2023-10-14 20:28:56,0
664,664,100,46,1,0,0,0,0,1,2,1,1,1,2023-10-14 20:30:56,25
0,0,121,253,0,0,0,0,0,0,0,0,0,0,2023-10-14 20:32:56,0
0,0,4,0,1,0,0,0,0,0,0,0,0,0,2023-10-14 20:34:56,1
664,664,99,184,0,0,0,0,0,1,0,1,1,2,2023-10-14 20:36:56,0
0,0,65,0,0,0,0,0,0,0,0,0,0,0,2023-10-14 20:38:56,0
664,664,100,207,0,0,0,0,0,1,2,1,1,1,2023-10-14 20:40:56,25
0,0,119,138,0,0,0,0,0,0,0,0,0,0,2023-10-14 20:42:56,0
0,0,5,23,0,0,0,0,0,0,0,0,0,0,2023-10-14 20:44:56,0
664,664,123,161,0,0,0,0,0,1,0,1,1,2,2023-10-14 20:46:56,0
0,0,95,0,0,0,0,0,0,0,0,0,0,0,2023-10-14 20:48:56,0
664,664,103,230,2,0,0,0,0,1,2,1,1,1,2023-10-14 20:50:56,25
0,0,120,69,0,0,0,0,0,0,0,0,0,0,2023-10-14 20:52:56,0
0,0,2,92,0,0,0,0,0,0,0,0,0,0,2023-10-14 20:54:56,0
664,664,124,138,1,1,1,1,1,1,0,1,1,2,2023-10-14 20:56:56,0
0,0,440,0,0,0,0,0,0,0,0,0,0,0,2023-10-14 20:58:56,0
0,0,528,184,1,0,0,1,1,0,0,0,0,1,2023-10-14 21:00:56,769
664,664,543,138,0,0,0,0,0,1,2,1,1,0,2023-10-14 21:02:56,25
0,0,424,92,0,0,0,0,0,0,0,0,0,0,2023-10-14 21:04:56,0
664,664,547,92,0,0,0,0,0,1,0,1,1,2,2023-10-14 21:06:56,0
0,0,229,92,3,2,2,1,1,0,0,0,0,0,2023-10-14 21:08:56,0
0,0,100,161,0,0,0,0,0,0,0,0,0,0,2023-10-14 21:10:56,0
664,664,125,115,0,0,0,0,0,1,2,1,1,1,2023-10-14 21:12:56,25
0,0,1,69,1,0,0,0,0,0,0,0,0,0,2023-10-14 21:14:56,0
664,664,122,92,0,1,1,0,0,1,0,1,1,2,2023-10-14 21:16:56,0
0,0,99,92,3,1,1,2,2,0,0,0,0,0,2023-10-14 21:18:56,0
664,664,100,115,0,0,0,0,0,0,0,0,0,1,2023-10-14 21:20:56,0
0,0,65,184,0,0,0,0,0,1,2,1,1,0,2023-10-14 21:22:56,25
0,0,1,23,2,0,0,0,0,0,0,0,0,0,2023-10-14 21:24:56,0
664,664,121,138,0,0,0,0,0,1,0,1,1,2,2023-10-14 21:26:56,0
0,0,100,69,0,0,0,0,0,0,0,0,0,0,2023-10-14 21:28:56,0
664,664,100,92,0,0,0,0,0,1,2,1,1,0,2023-10-14 21:30:56,25
0,0,122,207,0,0,0,0,0,0,0,0,0,1,2023-10-14 21:32:56,0
0,0,4,0,0,0,0,0,0,0,0,0,0,0,2023-10-14 21:34:56,0
664,664,121,161,3,2,2,3,3,1,0,1,1,2,2023-10-14 21:36:56,1
0,0,98,46,0,0,0,0,0,0,0,0,0,0,2023-10-14 21:38:56,0
664,664,103,161,2,0,0,0,0,1,2,1,1,0,2023-10-14 21:40:56,25
0,0,119,161,0,1,1,1,1,0,0,0,0,1,2023-10-14 21:42:56,0
0,0,5,0,0,0,0,0,0,0,0,0,0,0,2023-10-14 21:44:56,0
664,664,121,184,0,0,0,0,0,1,0,1,1,2,2023-10-14 21:46:56,0
0,0,96,0,0,0,0,0,0,0,0,0,0,0,2023-10-14 21:48:56,0
664,664,105,207,1,1,1,0,0,1,2,1,1,0,2023-10-14 21:50:56,25
0,0,119,115,0,0,0,0,0,0,0,0,0,1,2023-10-14 21:52:56,0
0,0,2,46,1,1,1,0,0,0,0,0,0,0,2023-10-14 21:54:56,0
664,664,124,161,2,0,0,0,0,1,0,1,1,2,2023-10-14 21:56:56,0
0,0,446,0,0,1,1,2,2,0,0,0,0,0,2023-10-14 21:58:56,0
664,664,523,230,1,0,0,0,0,1,2,1,1,1,2023-10-14 22:00:56,25
0,0,545,92,0,1,1,1,1,0,0,0,0,0,2023-10-14 22:02:56,2
0,0,406,92,0,0,0,0,0,0,0,0,0,0,2023-10-14 22:04:56,0
664,664,557,115,0,0,0,0,0,1,0,1,1,2,2023-10-14 22:06:56,0
0,0,234,46,0,0,0,0,0,0,0,0,0,0,2023-10-14 22:08:56,0
0,0,99,184,0,0,0,0,0,0,0,0,0,1,2023-10-14 22:10:56,0
664,664,124,92,0,0,0,0,0,1,2,1,1,0,2023-10-14 22:12:56,25
0,0,2,92,2,0,0,0,0,0,0,0,0,0,2023-10-14 22:14:56,0
664,664,123,92,2,1,1,0,0,1,0,1,1,2,2023-10-14 22:16:56,0
0,0,99,92,0,0,0,0,0,0,0,0,0,0,2023-10-14 22:18:56,0
0,0,100,92,0,0,0,0,0,0,0,0,0,1,2023-10-14 22:20:56,0
664,664,121,184,1,1,1,1,1,1,2,1,1,0,2023-10-14 22:22:56,25
0,0,4,69,0,0,0,0,0,0,0,0,0,0,2023-10-14 22:24:56,0
664,664,125,92,0,0,0,0,0,1,0,1,1,2,2023-10-14 22:26:56,0
0,0,101,92,0,0,0,0,0,0,0,0,0,0,2023-10-14 22:28:56,0
664,664,99,92,0,0,0,0,0,0,2,0,0,1,2023-10-14 22:30:56,25
0,0,121,207,0,0,0,0,0,1,0,1,1,0,2023-10-14 22:32:56,0
0,0,5,23,0,0,0,0,0,0,0,0,0,0,2023-10-14 22:34:56,0
664,664,121,138,0,0,0,0,0,1,0,1,1,2,2023-10-14 22:36:56,0
0,0,97,69,0,0,0,0,0,0,0,0,0,0,2023-10-14 22:38:56,0
664,664,103,138,3,1,1,2,2,1,2,1,1,1,2023-10-14 22:40:56,25
0,0,120,161,0,0,0,0,0,0,0,0,0,0,2023-10-14 22:42:56,0
0,0,2,0,0,0,0,0,0,0,0,0,0,0,2023-10-14 22:44:56,0
664,664,124,184,0,0,0,0,0,1,0,1,1,1,2023-10-14 22:46:56,0
0,0,96,23,1,1,1,1,1,0,0,0,0,1,2023-10-14 22:48:56,0
664,664,105,138,0,0,0,0,0,1,2,1,1,1,2023-10-14 22:50:56,25
0,0,119,184,0,0,0,0,0,0,0,0,0,0,2023-10-14 22:52:56,0
0,0,2,0,0,0,0,0,0,0,0,0,0,0,2023-10-14 22:54:56,0
664,664,125,184,0,0,0,0,0,1,0,1,1,1,2023-10-14 22:56:56,0
0,0,445,0,0,0,0,0,0,0,0,0,0,1,2023-10-14 22:58:56,0
664,664,524,230,0,0,0,0,0,1,2,1,1,1,2023-10-14 23:00:56,25
0,0,544,115,1,0,0,0,0,0,0,0,0,0,2023-10-14 23:02:56,0
0,0,417,46,0,1,1,0,0,0,0,0,0,0,2023-10-14 23:04:56,0
664,664,547,161,1,1,1,1,1,1,0,1,1,1,2023-10-14 23:06:56,0
0,0,232,0,2,1,1,1,1,0,0,0,0,1,2023-10-14 23:08:56,0
0,0,100,230,0,0,0,0,0,0,2,0,0,1,2023-10-14 23:10:56,25
664,664,124,69,1,0,0,1,1,1,0,1,1,0,2023-10-14 23:12:56,2
0,0,1,92,0,0,0,1,1,0,0,0,0,0,2023-10-14 23:14:56,0
664,664,98,115,0,0,0,0,0,1,0,1,1,1,2023-10-14 23:16:56,0
0,0,64,46,0,0,0,0,0,0,0,0,0,1,2023-10-14 23:18:56,0
0,0,100,138,0,0,0,0,0,0,0,0,0,0,2023-10-14 23:20:56,0
664,664,122,138,0,0,0,0,0,1,2,1,1,1,2023-10-14 23:22:56,25
0,0,4,92,0,0,0,2,2,0,0,0,0,0,2023-10-14 23:24:56,0
664,664,121,92,0,0,0,0,0,1,0,1,1,1,2023-10-14 23:26:56,0
0,0,97,92,0,0,0,0,0,0,0,0,0,1,2023-10-14 23:28:56,0
0,0,102,138,0,0,0,0,0,0,0,0,0,1,2023-10-14 23:30:56,0
664,664,121,161,0,0,0,0,0,1,2,1,1,0,2023-10-14 23:32:56,25
0,0,5,69,0,0,0,0,0,0,0,0,0,0,2023-10-14 23:34:56,0
664,664,121,92,0,0,0,0,0,1,0,1,1,1,2023-10-14 23:36:56,0
0,0,37,92,0,0,0,0,0,0,0,0,0,1,2023-10-14 23:38:56,0
664,664,104,138,0,0,0,0,0,0,2,0,0,0,2023-10-14 23:40:56,25
0,0,120,161,0,0,0,0,0,1,0,1,1,1,2023-10-14 23:42:56,0
0,0,2,23,0,0,0,0,0,0,0,0,0,0,2023-10-14 23:44:56,0
664,664,124,138,0,0,0,0,0,1,0,1,1,1,2023-10-14 23:46:56,0
0,0,96,69,2,0,0,0,0,0,0,0,0,1,2023-10-14 23:48:56,0
664,664,102,92,0,1,1,2,2,1,2,1,1,0,2023-10-14 23:50:56,27
0,0,123,207,0,0,0,0,0,0,0,0,0,1,2023-10-14 23:52:56,0
0,0,1,0,0,0,0,0,0,0,0,0,0,0,2023-10-14 23:54:56,0
664,664,125,161,0,0,0,0,0,1,0,1,1,1,2023-10-14 23:56:56,0
0,0,436,46,0,0,0,0,0,0,0,0,0,1,2023-10-14 23:58:56,0
664,664,582,230,0,0,0,0,0,1,2,1,1,1,2023-10-15 00:00:56,791
0,0,540,115,0,0,0,0,0,0,0,0,0,0,2023-10-15 00:02:56,2
0,0,420,0,0,0,0,0,0,0,0,0,0,0,2023-10-15 00:04:56,0
664,664,543,184,0,0,0,0,0,1,0,1,1,1,2023-10-15 00:06:56,0
0,0,190,0,0,0,0,0,0,0,0,0,0,1,2023-10-15 00:08:56,0
664,664,101,184,0,0,0,0,0,1,2,1,1,1,2023-10-15 00:10:56,25
0,0,120,138,0,0,0,0,0,0,0,0,0,0,2023-10-15 00:12:56,0
0,0,4,46,0,0,0,0,0,0,0,0,0,0,2023-10-15 00:14:56,0
664,664,121,161,0,0,0,0,0,1,0,1,1,1,2023-10-15 00:16:56,14
0,0,101,0,0,0,0,0,0,0,0,0,0,1,2023-10-15 00:18:56,0
0,0,100,184,0,0,0,0,0,0,2,0,0,1,2023-10-15 00:20:56,25
664,664,120,115,0,0,0,0,0,1,0,1,1,0,2023-10-15 00:22:56,0
0,0,5,92,0,0,0,0,0,0,0,0,0,0,2023-10-15 00:24:56,0
664,664,122,115,0,0,0,0,0,1,0,1,1,1,2023-10-15 00:26:56,0
0,0,98,46,1,1,1,2,2,0,0,0,0,1,2023-10-15 00:28:56,0
0,0,102,207,0,0,0,0,0,0,0,0,0,1,2023-10-15 00:30:56,0
664,664,121,69,0,0,0,0,0,1,2,1,1,0,2023-10-15 00:32:56,25
0,0,2,92,0,0,0,0,0,0,0,0,0,0,2023-10-15 00:34:56,0
664,664,124,92,0,0,0,0,0,1,0,1,1,1,2023-10-15 00:36:56,0
0,0,96,92,0,0,0,0,0,0,0,0,0,1,2023-10-15 00:38:56,0
0,0,102,92,0,0,0,0,0,0,0,0,0,1,2023-10-15 00:40:56,0
664,664,121,184,0,0,0,0,0,1,2,1,1,0,2023-10-15 00:42:56,25
0,0,2,69,2,1,1,1,1,0,0,0,0,0,2023-10-15 00:44:56,0
664,664,126,92,0,0,0,0,0,1,0,1,1,0,2023-10-15 00:46:56,0
0,0,96,92,0,0,0,0,0,0,0,0,0,2,2023-10-15 00:48:56,0
664,664,101,69,0,0,0,0,0,0,0,0,0,0,2023-10-15 00:50:56,0
0,0,123,230,0,0,0,0,0,1,2,1,1,1,2023-10-15 00:52:56,25
0,0,1,23,0,0,0,0,0,0,0,0,0,0,2023-10-15 00:54:56,0
664,664,122,138,0,0,0,0,0,1,0,1,1,1,2023-10-15 00:56:56,0
0,0,99,69,0,0,0,0,0,0,0,0,0,1,2023-10-15 00:58:56,0
664,664,100,138,0,0,0,0,0,1,2,1,1,1,2023-10-15 01:00:56,25
0,0,66,184,0,0,0,0,0,0,0,0,0,0,2023-10-15 01:02:56,0
0,0,1,0,0,0,0,0,0,0,0,0,0,0,2023-10-15 01:04:56,0
664,664,121,184,0,0,0,0,0,1,0,1,1,1,2023-10-15 01:06:56,0
0,0,41,23,0,0,0,0,0,0,0,0,0,1,2023-10-15 01:08:56,0
664,664,100,115,0,0,0,0,0,1,2,1,1,1,2023-10-15 01:10:56,25
0,0,120,207,0,0,0,0,0,0,0,0,0,0,2023-10-15 01:12:56,0
0,0,5,0,0,0,0,0,0,0,0,0,0,0,2023-10-15 01:14:56,0
664,664,121,184,0,0,0,0,0,1,0,1,1,1,2023-10-15 01:16:56,0
0,0,38,0,0,0,0,0,0,0,0,0,0,1,2023-10-15 01:18:56,0
664,664,104,230,0,0,0,0,0,1,2,1,1,1,2023-10-15 01:20:56,25
0,0,119,92,0,0,0,0,0,0,0,0,0,0,2023-10-15 01:22:56,0
0,0,5,46,0,0,0,0,0,0,0,0,0,0,2023-10-15 01:24:56,0
664,664,121,161,0,0,0,0,0,1,0,1,1,1,2023-10-15 01:26:56,0
0,0,96,0,0,0,0,0,0,0,0,0,0,1,2023-10-15 01:28:56,0
0,0,102,230,0,0,0,0,0,0,2,0,0,1,2023-10-15 01:30:56,25
664,664,122,69,0,0,0,0,0,1,0,1,1,0,2023-10-15 01:32:56,0
0,0,2,92,0,0,0,0,0,0,0,0,0,0,2023-10-15 01:34:56,0
664,664,124,115,0,0,0,0,0,1,0,1,1,1,2023-10-15 01:36:56,0
0,0,96,46,0,0,0,0,0,0,0,0,0,1,2023-10-15 01:38:56,0
0,0,100,138,0,0,0,0,0,0,0,0,0,0,2023-10-15 01:40:56,0
664,664,123,138,0,0,0,0,0,1,2,1,1,1,2023-10-15 01:42:56,25
0,0,2,92,1,0,0,2,2,0,0,0,0,0,2023-10-15 01:44:56,0
664,664,125,92,0,0,0,0,0,1,0,1,1,1,2023-10-15 01:46:56,0
0,0,96,92,0,0,0,0,0,0,0,0,0,1,2023-10-15 01:48:56,0
0,0,99,161,0,0,0,0,0,0,0,0,0,1,2023-10-15 01:50:56,0
664,664,125,115,0,0,0,0,0,1,2,1,1,0,2023-10-15 01:52:56,25
0,0,1,69,0,0,0,0,0,0,0,0,0,0,2023-10-15 01:54:56,0
664,664,122,92,0,0,0,0,0,1,0,1,1,1,2023-10-15 01:56:56,0
0,0,435,92,0,0,0,0,0,0,0,0,0,1,2023-10-15 01:58:56,0
664,664,523,115,0,0,0,0,0,0,0,0,0,1,2023-10-15 02:00:56,0
0,0,537,207,0,0,0,0,0,1,2,1,1,0,2023-10-15 02:02:56,25
0,0,429,23,0,0,0,0,0,0,0,0,0,0,2023-10-15 02:04:56,0
664,664,552,138,0,0,0,0,0,1,0,1,1,1,2023-10-15 02:06:56,0
0,0,254,69,0,0,0,0,0,0,0,0,0,1,2023-10-15 02:08:56,0
664,664,101,92,0,0,0,0,0,1,2,1,1,0,2023-10-15 02:10:56,27
0,0,120,207,0,0,0,0,0,0,0,0,0,1,2023-10-15 02:12:56,0
0,0,5,0,0,0,0,0,0,0,0,0,0,0,2023-10-15 02:14:56,0
664,664,121,161,0,0,0,0,0,1,0,1,1,1,2023-10-15 02:16:56,0
0,0,97,46,0,0,0,0,0,0,0,0,0,1,2023-10-15 02:18:56,0
664,664,104,207,0,0,0,0,0,1,2,1,1,1,2023-10-15 02:20:56,25
0,0,119,115,0,0,0,0,0,0,0,0,0,0,2023-10-15 02:22:56,0
0,0,2,0,0,0,0,0,0,0,0,0,0,0,2023-10-15 02:24:56,0
664,664,124,184,0,0,0,0,0,1,0,1,1,1,2023-10-15 02:26:56,0
0,0,37,0,0,0,0,0,0,0,0,0,0,1,2023-10-15 02:28:56,0
664,664,104,184,0,0,0,0,0,1,2,1,1,1,2023-10-15 02:30:56,25
0,0,109,138,0,0,0,0,0,0,0,0,0,0,2023-10-15 02:32:56,0
0,0,13,46,0,0,0,0,0,0,0,0,0,0,2023-10-15 02:34:56,0
664,664,125,161,0,0,0,0,0,1,0,1,1,1,2023-10-15 02:36:56,0
0,0,97,0,0,0,0,0,0,0,0,0,0,1,2023-10-15 02:38:56,0
664,664,100,207,0,0,0,0,0,1,2,1,1,1,2023-10-15 02:40:56,25
0,0,123,92,0,0,0,0,0,0,0,0,0,0,2023-10-15 02:42:56,0
0,0,1,92,0,0,0,0,0,0,0,0,0,0,2023-10-15 02:44:56,0
664,664,124,115,0,0,0,0,0,1,0,1,1,1,2023-10-15 02:46:56,0
0,0,99,46,0,0,0,0,0,0,0,0,0,1,2023-10-15 02:48:56,0
0,0,100,207,0,0,0,0,0,0,0,0,0,0,2023-10-15 02:50:56,0
664,664,65,69,0,0,0,0,0,1,2,1,1,1,2023-10-15 02:52:56,25
0,0,1,92,0,0,0,0,0,0,0,0,0,0,2023-10-15 02:54:56,0
664,664,121,92,0,0,0,0,0,1,0,1,1,1,2023-10-15 02:56:56,0
0,0,429,92,0,0,0,0,0,0,0,0,0,1,2023-10-15 02:58:56,0
0,0,516,69,0,0,0,0,0,0,0,0,0,0,2023-10-15 03:00:56,766
664,664,534,230,0,0,0,0,0,1,2,1,1,1,2023-10-15 03:02:56,25
0,0,430,69,0,0,0,0,0,0,0,0,0,0,2023-10-15 03:04:56,0
664,664,542,92,0,0,0,0,0,1,0,1,1,1,2023-10-15 03:06:56,0
0,0,263,92,0,0,0,0,0,0,0,0,0,1,2023-10-15 03:08:56,0
