i.j.internal.reporters.LoggingReporter,travel.service.TravelServiceImpl,security.service.SecurityServiceImpl,preserve.service.PreserveServiceImpl,route.controller.RouteController,contacts.controller.ContactsController,auth.service.impl.TokenServiceImpl,order.service.OrderServiceImpl,f.microservice.service.BasicServiceImpl,contacts.service.ContactsServiceImpl,order.controller.OrderController,auth.security.UserDetailsServiceImpl,a.controller.AssuranceController,other.controller.OrderOtherController,preserve.controller.PreserveController,security.controller.SecurityController,travel.controller.TravelController,org.mongodb.driver.connection,org.mongodb.driver.cluster,o.apache.http.impl.execchain.RetryExec,v.service.impl.VerifyCodeServiceImpl,v.controller.VerifyCodeController,timestamp
27,17,0,0,5,0,3,0,2,0,0,1,1,0,0,0,1,0.0,0.0,0.0,1,1,2022-04-17 13:22:01.494
41,17,7,7,5,4,3,3,2,2,2,1,1,1,1,1,1,0.0,0.0,0.0,2,1,2022-04-17 13:23:01.494
41,17,7,7,5,4,3,3,2,2,2,1,1,1,1,1,1,0.0,0.0,0.0,2,1,2022-04-17 13:24:01.494
41,17,7,7,5,4,3,3,2,2,2,1,1,1,1,1,1,0.0,0.0,0.0,2,1,2022-04-17 13:25:01.494
41,17,7,7,5,4,3,3,2,2,2,1,1,1,1,1,1,0.0,0.0,0.0,2,1,2022-04-17 13:26:01.494
41,17,7,7,5,4,3,3,2,2,2,1,1,1,1,1,1,0.0,0.0,0.0,2,1,2022-04-17 13:27:01.494
41,17,7,7,5,4,3,3,2,2,2,1,1,1,1,1,1,0.0,0.0,0.0,2,1,2022-04-17 13:28:01.494
41,17,7,7,5,4,3,3,2,2,2,1,1,1,1,1,1,0.0,0.0,0.0,2,1,2022-04-17 13:29:01.494
41,17,7,7,5,4,3,3,2,2,2,1,1,1,1,1,1,0.0,0.0,0.0,2,1,2022-04-17 13:30:01.494
41,17,7,7,5,4,3,3,2,2,2,1,1,1,1,1,1,0.0,0.0,0.0,2,1,2022-04-17 13:31:01.494
41,17,7,7,5,4,3,3,2,2,2,1,1,1,1,1,1,0.0,0.0,0.0,2,1,2022-04-17 13:32:01.494
41,17,7,7,5,4,3,3,2,2,2,1,1,1,1,1,1,0.0,0.0,0.0,2,1,2022-04-17 13:33:01.494
41,17,7,7,5,4,3,3,2,2,2,1,1,1,1,1,1,0.0,0.0,0.0,2,1,2022-04-17 13:34:01.494
41,17,7,7,5,4,3,3,2,2,2,1,1,1,1,1,1,0.0,0.0,0.0,2,1,2022-04-17 13:35:01.494
41,17,7,7,5,4,3,3,2,2,2,1,1,1,1,1,1,0.0,0.0,0.0,2,1,2022-04-17 13:36:01.494
41,17,7,7,5,4,3,3,2,2,2,1,1,1,1,1,1,0.0,0.0,0.0,2,1,2022-04-17 13:37:01.494
41,17,7,7,5,4,3,3,2,2,2,1,1,1,1,1,1,0.0,0.0,0.0,2,1,2022-04-17 13:38:01.494
41,17,7,7,5,4,3,3,2,2,2,1,1,1,1,1,1,0.0,0.0,0.0,2,1,2022-04-17 13:39:01.494
41,17,7,7,5,4,3,3,2,2,2,1,1,1,1,1,1,0.0,0.0,0.0,2,1,2022-04-17 13:40:01.494
41,17,7,7,5,4,3,3,2,2,2,1,1,1,1,1,1,0.0,0.0,0.0,2,1,2022-04-17 13:41:01.494
41,17,7,7,5,4,3,3,2,2,2,1,1,1,1,1,1,0.0,0.0,0.0,2,1,2022-04-17 13:42:01.494
41,17,7,7,5,4,3,3,2,2,2,1,1,1,1,1,1,0.0,0.0,0.0,2,1,2022-04-17 13:43:01.494
41,17,7,7,5,4,3,3,2,2,2,1,1,1,1,1,1,0.0,0.0,0.0,2,1,2022-04-17 13:44:01.494
41,17,7,7,5,4,3,3,2,2,2,1,1,1,1,1,1,0.0,0.0,0.0,2,1,2022-04-17 13:45:01.494
41,17,7,7,5,4,3,3,2,2,2,1,1,1,1,1,1,0.0,0.0,0.0,2,1,2022-04-17 13:46:01.494
41,17,7,7,5,4,3,3,2,2,2,1,1,1,1,1,1,0.0,0.0,0.0,2,1,2022-04-17 13:47:01.494
41,17,7,7,5,4,3,3,2,2,2,1,1,1,1,1,1,0.0,0.0,0.0,2,1,2022-04-17 13:48:01.494
41,17,7,7,5,4,3,3,2,2,2,1,1,1,1,1,1,0.0,0.0,0.0,2,1,2022-04-17 13:49:01.494
41,17,7,7,5,4,3,3,2,2,2,1,1,1,1,1,1,0.0,0.0,0.0,2,1,2022-04-17 13:50:01.494
0,0,0,0,0,0,0,0,0,0,0,0,0,0,0,0,0,0.0,1.0,0.0,0,0,2022-04-17 13:51:01.494
41,17,7,7,5,4,3,3,2,2,2,1,1,1,1,1,1,1.0,1.0,0.0,2,1,2022-04-17 13:52:01.494
41,17,7,7,5,4,3,3,2,2,2,1,1,1,1,1,1,0.0,0.0,0.0,2,1,2022-04-17 13:53:01.494
41,17,7,7,5,4,3,3,2,2,2,1,1,1,1,1,1,0.0,0.0,0.0,2,1,2022-04-17 13:54:01.494
41,17,7,7,5,4,3,3,2,2,2,1,1,1,1,1,1,0.0,0.0,0.0,2,1,2022-04-17 13:55:01.494
41,17,7,7,5,4,3,3,2,2,2,1,1,1,1,1,1,0.0,0.0,0.0,2,1,2022-04-17 13:56:01.494
41,17,7,7,5,4,3,3,2,2,2,1,1,1,1,1,1,0.0,0.0,0.0,2,1,2022-04-17 13:57:01.494
41,17,7,7,5,4,3,3,2,2,2,1,1,1,1,1,1,0.0,0.0,0.0,2,1,2022-04-17 13:58:01.494
41,17,7,7,5,4,3,3,2,2,2,1,1,1,1,1,1,0.0,0.0,0.0,2,1,2022-04-17 13:59:01.494
41,17,7,7,5,4,3,3,2,2,2,1,1,1,1,1,1,0.0,0.0,0.0,2,1,2022-04-17 14:00:01.494
41,17,7,7,5,4,3,3,2,2,2,1,1,1,1,1,1,0.0,0.0,0.0,2,1,2022-04-17 14:01:01.494
41,17,7,7,5,4,3,3,2,2,2,1,1,1,1,1,1,0.0,0.0,0.0,2,1,2022-04-17 14:02:01.494
41,17,7,7,5,4,3,3,2,2,2,1,1,1,1,1,1,0.0,0.0,0.0,2,1,2022-04-17 14:03:01.494
41,17,7,7,5,4,3,3,2,2,2,1,1,1,1,1,1,0.0,0.0,0.0,2,1,2022-04-17 14:04:01.494
41,17,7,7,5,4,3,3,2,2,2,1,1,1,1,1,1,0.0,0.0,0.0,2,1,2022-04-17 14:05:01.494
41,17,7,7,5,4,3,3,2,2,2,1,1,1,1,1,1,0.0,0.0,0.0,2,1,2022-04-17 14:06:01.494
41,17,7,7,5,4,3,3,2,2,2,1,1,1,1,1,1,0.0,0.0,0.0,2,1,2022-04-17 14:07:01.494
41,17,7,7,5,4,3,3,2,2,2,1,1,1,1,1,1,0.0,0.0,0.0,2,1,2022-04-17 14:08:01.494
31,6,7,7,1,4,3,3,2,2,2,1,0,1,1,1,1,0.0,0.0,0.0,2,1,2022-04-17 14:09:01.494
10,11,0,0,4,0,0,0,0,0,0,0,1,0,0,0,0,0.0,0.0,0.0,0,0,2022-04-17 14:10:01.494
31,6,7,7,1,4,3,3,2,2,2,1,0,1,1,1,1,0.0,0.0,0.0,2,1,2022-04-17 14:11:01.494
10,11,0,0,4,0,0,0,0,0,0,0,1,0,0,0,0,0.0,0.0,0.0,0,0,2022-04-17 14:12:01.494
29,2,7,7,0,4,3,3,2,2,2,1,0,1,1,1,1,0.0,0.0,0.0,2,1,2022-04-17 14:13:01.494
12,15,0,0,5,0,0,0,0,0,0,0,1,0,0,0,0,0.0,0.0,0.0,0,0,2022-04-17 14:14:01.494
31,3,7,7,1,4,3,3,2,2,2,1,0,1,1,1,1,0.0,0.0,0.0,2,1,2022-04-17 14:15:01.494
10,14,0,0,4,0,0,0,0,0,0,0,1,0,0,0,0,0.0,0.0,0.0,0,0,2022-04-17 14:16:01.494
29,3,7,7,0,4,3,3,2,2,2,1,0,1,1,1,1,0.0,0.0,0.0,2,1,2022-04-17 14:17:01.494
12,14,0,0,5,0,0,0,0,0,0,0,1,0,0,0,0,0.0,0.0,0.0,0,0,2022-04-17 14:18:01.494
41,17,7,7,5,4,3,3,2,2,2,1,1,1,1,1,1,0.0,0.0,0.0,2,1,2022-04-17 14:19:01.494
41,17,7,7,5,4,3,3,2,2,2,1,1,1,1,1,1,0.0,0.0,0.0,2,1,2022-04-17 14:20:01.494
29,2,7,7,0,4,3,3,2,2,2,1,0,1,1,1,1,0.0,2.0,0.0,2,1,2022-04-17 14:21:01.494
12,15,0,0,5,0,0,0,0,0,0,0,1,0,0,0,0,3.0,1.0,2.0,0,0,2022-04-17 14:22:01.494
33,9,7,7,2,4,3,3,2,2,2,1,0,1,1,1,1,0.0,0.0,0.0,2,1,2022-04-17 14:23:01.494
8,8,0,0,3,0,0,0,0,0,0,0,1,0,0,0,0,0.0,0.0,0.0,0,0,2022-04-17 14:24:01.494
29,3,7,7,0,4,3,3,2,2,2,1,0,1,1,1,1,0.0,0.0,0.0,2,1,2022-04-17 14:25:01.494
12,14,0,0,5,0,0,0,0,0,0,0,1,0,0,0,0,0.0,0.0,2.0,0,0,2022-04-17 14:26:01.494
41,17,7,7,5,4,3,3,2,2,2,1,1,1,1,1,1,0.0,0.0,0.0,2,1,2022-04-17 14:27:01.494
41,17,7,7,5,4,3,3,2,2,2,1,1,1,1,1,1,3.0,0.0,0.0,2,1,2022-04-17 14:28:01.494
17,0,7,7,0,4,3,3,0,2,2,1,0,1,1,1,1,0.0,0.0,0.0,2,1,2022-04-17 14:29:01.494
24,17,0,0,5,0,0,0,2,0,0,0,1,0,0,0,0,0.0,0.0,0.0,0,0,2022-04-17 14:30:01.494
41,17,7,7,5,4,3,3,2,2,2,1,1,1,1,1,1,0.0,0.0,0.0,2,1,2022-04-17 14:31:01.494
41,17,7,7,5,4,3,3,2,2,2,1,1,1,1,1,1,0.0,0.0,0.0,2,1,2022-04-17 14:32:01.494
41,17,7,7,5,4,3,3,2,2,2,1,1,1,1,1,1,0.0,0.0,0.0,2,1,2022-04-17 14:33:01.494
41,17,7,7,5,4,3,3,2,2,2,1,1,1,1,1,1,0.0,0.0,0.0,2,1,2022-04-17 14:34:01.494
41,17,7,7,5,4,3,3,2,2,2,1,1,1,1,1,1,0.0,0.0,0.0,2,1,2022-04-17 14:35:01.494
41,17,7,7,5,4,3,3,2,2,2,1,1,1,1,1,1,0.0,0.0,0.0,2,1,2022-04-17 14:36:01.494
41,17,7,7,5,4,3,3,2,2,2,1,1,1,1,1,1,0.0,0.0,0.0,2,1,2022-04-17 14:37:01.494
41,17,7,7,5,4,3,3,2,2,2,1,1,1,1,1,1,0.0,0.0,0.0,2,1,2022-04-17 14:38:01.494
41,17,7,7,5,4,3,3,2,2,2,1,1,1,1,1,1,0.0,0.0,0.0,2,1,2022-04-17 14:39:01.494
41,17,7,7,5,4,3,3,2,2,2,1,1,1,1,1,1,0.0,0.0,0.0,2,1,2022-04-17 14:40:01.494
41,17,7,7,5,4,3,3,2,2,2,1,1,1,1,1,1,0.0,0.0,0.0,2,1,2022-04-17 14:41:01.494
41,17,7,7,5,4,3,3,2,2,2,1,1,1,1,1,1,0.0,0.0,0.0,2,1,2022-04-17 14:42:01.494
41,17,7,7,5,4,3,3,2,2,2,1,1,1,1,1,1,0.0,0.0,0.0,2,1,2022-04-17 14:43:01.494
1,0,0,0,0,2,0,0,0,1,0,0,0,0,0,0,0,0.0,0.0,0.0,0,0,2022-04-17 14:44:01.494
40,17,7,7,5,2,3,3,2,1,2,1,1,1,1,1,1,0.0,0.0,0.0,2,1,2022-04-17 14:45:01.494
41,17,7,7,5,4,3,3,2,2,2,1,1,1,1,1,1,0.0,0.0,0.0,2,1,2022-04-17 14:46:01.494
0,0,0,0,0,0,0,0,0,0,0,0,0,0,0,0,0,0.0,0.0,0.0,0,0,2022-04-17 14:47:01.494
41,17,7,7,5,4,3,3,2,2,2,1,1,1,1,1,1,0.0,0.0,0.0,2,1,2022-04-17 14:48:01.494
7,0,7,6,0,4,0,0,0,2,1,0,0,1,1,1,0,0.0,0.0,0.0,0,0,2022-04-17 14:49:01.494
34,17,0,1,5,0,3,3,2,0,1,1,1,0,0,0,1,0.0,0.0,0.0,2,1,2022-04-17 14:50:01.494
41,17,7,7,5,4,3,3,2,2,2,1,1,1,1,1,1,0.0,0.0,0.0,2,1,2022-04-17 14:51:01.494
0,0,0,0,0,2,0,0,0,0,0,0,0,0,0,0,0,0.0,0.0,0.0,0,0,2022-04-17 14:52:01.494
41,17,7,7,5,2,3,3,2,2,2,1,1,1,1,1,1,0.0,0.0,0.0,2,1,2022-04-17 14:53:01.494
41,17,7,7,5,4,3,3,2,2,2,1,1,1,1,1,1,0.0,0.0,0.0,2,1,2022-04-17 14:54:01.494
41,17,7,7,5,4,3,3,2,2,2,1,1,1,1,1,1,0.0,0.0,0.0,2,1,2022-04-17 14:55:01.494
0,0,0,0,0,2,0,0,0,0,0,0,0,0,0,0,0,0.0,0.0,0.0,0,0,2022-04-17 14:56:01.494
41,17,7,7,5,2,3,3,2,2,2,1,1,1,1,1,1,3.0,0.0,0.0,2,1,2022-04-17 14:57:01.494
41,17,7,7,5,4,3,3,2,2,2,1,1,1,1,1,1,0.0,0.0,0.0,2,1,2022-04-17 14:58:01.494
0,0,0,0,0,0,0,0,0,0,0,0,0,0,0,0,0,0.0,0.0,0.0,0,0,2022-04-17 14:59:01.494
7,0,7,6,0,2,0,0,0,1,1,0,0,1,1,1,0,0.0,0.0,0.0,0,0,2022-04-17 15:00:01.494
34,17,0,1,5,2,3,3,2,1,1,1,1,0,0,0,1,1.0,0.0,0.0,2,1,2022-04-17 15:01:01.494
8,0,7,6,0,4,0,0,0,2,1,0,0,1,1,1,0,2.0,0.0,0.0,0,0,2022-04-17 15:02:01.494
31,17,0,0,5,0,3,3,2,0,1,1,1,0,0,0,1,0.0,0.0,0.0,2,1,2022-04-17 15:03:01.494
41,17,7,7,5,4,3,3,2,2,2,1,1,1,1,1,1,0.0,0.0,0.0,2,1,2022-04-17 15:04:01.494
41,17,7,7,5,4,3,3,2,2,2,1,1,1,1,1,1,0.0,0.0,0.0,2,1,2022-04-17 15:05:01.494
41,17,7,7,5,4,3,3,2,2,2,1,1,1,1,1,1,0.0,0.0,0.0,2,1,2022-04-17 15:06:01.494
27,17,0,0,5,0,3,0,2,0,0,1,1,0,0,0,1,0.0,0.0,0.0,1,1,2022-04-21 02:52:58.506
41,17,7,7,5,4,3,3,2,2,2,1,1,1,1,1,1,0.0,0.0,0.0,2,1,2022-04-21 02:53:58.506
41,17,7,7,5,4,3,3,2,2,2,1,1,1,1,1,1,0.0,0.0,0.0,2,1,2022-04-21 02:54:58.506
41,17,7,7,5,4,3,3,2,2,2,1,1,1,1,1,1,0.0,0.0,0.0,2,1,2022-04-21 02:55:58.506
41,17,7,7,5,4,3,3,2,2,2,1,1,1,1,1,1,0.0,0.0,0.0,2,1,2022-04-21 02:56:58.506
41,17,7,7,5,4,3,3,2,2,2,1,1,1,1,1,1,0.0,0.0,0.0,2,1,2022-04-21 02:57:58.506
41,17,7,7,5,4,3,3,2,2,2,1,1,1,1,1,1,0.0,0.0,0.0,2,1,2022-04-21 02:58:58.506
41,17,7,7,5,4,3,3,2,2,2,1,1,1,1,1,1,0.0,0.0,0.0,2,1,2022-04-21 02:59:58.506
41,17,7,7,5,4,3,3,2,2,2,1,1,1,1,1,1,0.0,0.0,0.0,2,1,2022-04-21 03:00:58.506
41,17,7,7,5,4,3,3,2,2,2,1,1,1,1,1,1,0.0,0.0,0.0,2,1,2022-04-21 03:01:58.506
41,17,7,7,5,4,3,3,2,2,2,1,1,1,1,1,1,0.0,0.0,0.0,2,1,2022-04-21 03:02:58.506
41,17,7,7,5,4,3,3,2,2,2,1,1,1,1,1,1,0.0,0.0,0.0,2,1,2022-04-21 03:03:58.506
41,17,7,7,5,4,3,3,2,2,2,1,1,1,1,1,1,0.0,0.0,0.0,2,1,2022-04-21 03:04:58.506
41,17,7,7,5,4,3,3,2,2,2,1,1,1,1,1,1,0.0,0.0,0.0,2,1,2022-04-21 03:05:58.506
41,17,7,7,5,4,3,3,2,2,2,1,1,1,1,1,1,0.0,0.0,0.0,2,1,2022-04-21 03:06:58.506
41,17,7,7,5,4,3,3,2,2,2,1,1,1,1,1,1,0.0,0.0,0.0,2,1,2022-04-21 03:07:58.506
41,17,7,7,5,4,3,3,2,2,2,1,1,1,1,1,1,0.0,0.0,0.0,2,1,2022-04-21 03:08:58.506
41,17,7,7,5,4,3,3,2,2,2,1,1,1,1,1,1,0.0,0.0,0.0,2,1,2022-04-21 03:09:58.506
41,17,7,7,5,4,3,3,2,2,2,1,1,1,1,1,1,0.0,0.0,0.0,2,1,2022-04-21 03:10:58.506
41,17,7,7,5,4,3,3,2,2,2,1,1,1,1,1,1,0.0,0.0,0.0,2,1,2022-04-21 03:11:58.506
41,17,7,7,5,4,3,3,2,2,2,1,1,1,1,1,1,0.0,0.0,0.0,2,1,2022-04-21 03:12:58.506
41,17,7,7,5,4,3,3,2,2,2,1,1,1,1,1,1,0.0,0.0,0.0,2,1,2022-04-21 03:13:58.506
41,17,7,7,5,4,3,3,2,2,2,1,1,1,1,1,1,0.0,0.0,0.0,2,1,2022-04-21 03:14:58.506
41,17,7,7,5,4,3,3,2,2,2,1,1,1,1,1,1,0.0,0.0,0.0,2,1,2022-04-21 03:15:58.506
41,17,7,7,5,4,3,3,2,2,2,1,1,1,1,1,1,0.0,0.0,0.0,2,1,2022-04-21 03:16:58.506
41,17,7,7,5,4,3,3,2,2,2,1,1,1,1,1,1,0.0,0.0,0.0,2,1,2022-04-21 03:17:58.506
41,17,7,7,5,4,3,3,2,2,2,1,1,1,1,1,1,0.0,0.0,0.0,2,1,2022-04-21 03:18:58.506
41,17,7,7,5,4,3,3,2,2,2,1,1,1,1,1,1,0.0,0.0,0.0,2,1,2022-04-21 03:19:58.506
41,17,7,7,5,4,3,3,2,2,2,1,1,1,1,1,1,0.0,0.0,0.0,2,1,2022-04-21 03:20:58.506
41,17,7,7,5,4,3,3,2,2,2,1,1,1,1,1,1,0.0,0.0,0.0,2,1,2022-04-21 03:21:58.506
41,17,7,7,5,4,3,3,2,2,2,1,1,1,1,1,1,0.0,0.0,0.0,2,1,2022-04-21 03:22:58.506
41,17,7,7,5,4,3,3,2,2,2,1,1,1,1,1,1,0.0,0.0,0.0,2,1,2022-04-21 03:23:58.506
41,17,7,7,5,4,3,3,2,2,2,1,1,1,1,1,1,0.0,0.0,0.0,2,1,2022-04-21 03:24:58.506
41,17,7,7,5,4,3,3,2,2,2,1,1,1,1,1,1,0.0,0.0,0.0,2,1,2022-04-21 03:25:58.506
41,17,7,7,5,4,3,3,2,2,2,1,1,1,1,1,1,0.0,0.0,0.0,2,1,2022-04-21 03:26:58.506
41,17,7,7,5,4,3,3,2,2,2,1,1,1,1,1,1,0.0,0.0,0.0,2,1,2022-04-21 03:27:58.506
41,17,7,7,5,4,3,3,2,2,2,1,1,1,1,1,1,0.0,0.0,0.0,2,1,2022-04-21 03:28:58.506
41,17,7,7,5,4,3,3,2,2,2,1,1,1,1,1,1,0.0,0.0,0.0,2,1,2022-04-21 03:29:58.506
41,17,7,7,5,4,3,3,2,2,2,1,1,1,1,1,1,0.0,0.0,0.0,2,1,2022-04-21 03:30:58.506
41,17,7,7,5,4,3,3,2,2,2,1,1,1,1,1,1,0.0,0.0,0.0,2,1,2022-04-21 03:31:58.506
41,17,7,7,5,4,3,3,2,2,2,1,1,1,1,1,1,0.0,0.0,0.0,2,1,2022-04-21 03:32:58.506
41,17,7,7,5,4,3,3,2,2,2,1,1,1,1,1,1,0.0,0.0,0.0,2,1,2022-04-21 03:33:58.506
41,17,7,7,5,4,3,3,2,2,2,1,1,1,1,1,1,0.0,0.0,0.0,2,1,2022-04-21 03:34:58.506
41,17,7,7,5,4,3,3,2,2,2,1,1,1,1,1,1,0.0,0.0,0.0,2,1,2022-04-21 03:35:58.506
41,17,7,7,5,4,3,3,2,2,2,1,1,1,1,1,1,0.0,0.0,0.0,2,1,2022-04-21 03:36:58.506
41,17,7,7,5,4,3,3,2,2,2,1,1,1,1,1,1,0.0,0.0,0.0,2,1,2022-04-21 03:37:58.506
41,17,7,7,5,4,3,3,2,2,2,1,1,1,1,1,1,0.0,0.0,0.0,2,1,2022-04-21 03:38:58.506
41,17,7,7,5,4,3,3,2,2,2,1,1,1,1,1,1,0.0,0.0,0.0,2,1,2022-04-21 03:39:58.506
41,17,7,7,5,4,3,3,2,2,2,1,1,1,1,1,1,0.0,0.0,0.0,2,1,2022-04-21 03:40:58.506
41,17,7,7,5,4,3,3,2,2,2,1,1,1,1,1,1,0.0,0.0,0.0,2,1,2022-04-21 03:41:58.506
41,17,7,7,5,4,3,3,2,2,2,1,1,1,1,1,1,0.0,0.0,0.0,2,1,2022-04-21 03:42:58.506
41,17,7,7,5,4,3,3,2,2,2,1,1,1,1,1,1,0.0,0.0,0.0,2,1,2022-04-21 03:43:58.506
41,17,7,7,5,4,3,3,2,2,2,1,1,1,1,1,1,0.0,0.0,0.0,2,1,2022-04-21 03:44:58.506
41,17,7,7,5,4,3,3,2,2,2,1,1,1,1,1,1,0.0,0.0,0.0,2,1,2022-04-21 03:45:58.506
41,17,7,7,5,4,3,3,2,2,2,1,1,1,1,1,1,0.0,0.0,0.0,2,1,2022-04-21 03:46:58.506
41,17,7,7,5,4,3,3,2,2,2,1,1,1,1,1,1,0.0,0.0,0.0,2,1,2022-04-21 03:47:58.506
41,17,7,7,5,4,3,3,2,2,2,1,1,1,1,1,1,0.0,0.0,0.0,2,1,2022-04-21 03:48:58.506
41,17,7,7,5,4,3,3,2,2,2,1,1,1,1,1,1,0.0,0.0,0.0,2,1,2022-04-21 03:49:58.506
41,17,7,7,5,4,3,3,2,2,2,1,1,1,1,1,1,0.0,0.0,0.0,2,1,2022-04-21 03:50:58.506
41,17,7,7,5,4,3,3,2,2,2,1,1,1,1,1,1,0.0,0.0,0.0,2,1,2022-04-21 03:51:58.506
41,17,7,7,5,4,3,3,2,2,2,1,1,1,1,1,1,0.0,0.0,0.0,2,1,2022-04-21 03:52:58.506
41,17,7,7,5,4,3,3,2,2,2,1,1,1,1,1,1,0.0,0.0,0.0,2,1,2022-04-21 03:53:58.506
41,17,7,7,5,4,3,3,2,2,2,1,1,1,1,1,1,0.0,0.0,0.0,2,1,2022-04-21 03:54:58.506
41,17,7,7,5,4,3,3,2,2,2,1,1,1,1,1,1,0.0,0.0,0.0,2,1,2022-04-21 03:55:58.506
41,17,7,7,5,4,3,3,2,2,2,1,1,1,1,1,1,0.0,0.0,0.0,2,1,2022-04-21 03:56:58.506
41,17,7,7,5,4,3,3,2,2,2,1,1,1,1,1,1,0.0,0.0,0.0,2,1,2022-04-21 03:57:58.506
41,17,7,7,5,4,3,3,2,2,2,1,1,1,1,1,1,0.0,0.0,0.0,2,1,2022-04-21 03:58:58.506
41,17,7,7,5,4,3,3,2,2,2,1,1,1,1,1,1,0.0,0.0,0.0,2,1,2022-04-21 03:59:58.506
41,17,7,7,5,4,3,3,2,2,2,1,1,1,1,1,1,0.0,0.0,0.0,2,1,2022-04-21 04:00:58.506
41,17,7,7,5,4,3,3,2,2,2,1,1,1,1,1,1,0.0,0.0,0.0,2,1,2022-04-21 04:01:58.506
41,17,7,7,5,4,3,3,2,2,2,1,1,1,1,1,1,0.0,0.0,0.0,2,1,2022-04-21 04:02:58.506
41,17,7,7,5,4,3,3,2,2,2,1,1,1,1,1,1,0.0,0.0,0.0,2,1,2022-04-21 04:03:58.506
41,17,7,7,5,4,3,3,2,2,2,1,1,1,1,1,1,0.0,0.0,0.0,2,1,2022-04-21 04:04:58.506
41,17,7,7,5,4,3,3,2,2,2,1,1,1,1,1,1,0.0,0.0,0.0,2,1,2022-04-21 04:05:58.506
41,17,7,7,5,4,3,3,2,2,2,1,1,1,1,1,1,0.0,0.0,0.0,2,1,2022-04-21 04:06:58.506
41,17,7,7,5,4,3,3,2,2,2,1,1,1,1,1,1,0.0,0.0,0.0,2,1,2022-04-21 04:07:58.506
41,17,7,7,5,4,3,3,2,2,2,1,1,1,1,1,1,0.0,0.0,0.0,2,1,2022-04-21 04:08:58.506
41,17,7,7,5,4,3,3,2,2,2,1,1,1,1,1,1,0.0,0.0,0.0,2,1,2022-04-21 04:09:58.506
41,17,7,7,5,4,3,3,2,2,2,1,1,1,1,1,1,0.0,0.0,0.0,2,1,2022-04-21 04:10:58.506
41,17,7,7,5,4,3,3,2,2,2,1,1,1,1,1,1,0.0,0.0,0.0,2,1,2022-04-21 04:11:58.506
41,17,7,7,5,4,3,3,2,2,2,1,1,1,1,1,1,0.0,0.0,0.0,2,1,2022-04-21 04:12:58.506
41,17,7,7,5,4,3,3,2,2,2,1,1,1,1,1,1,0.0,0.0,0.0,2,1,2022-04-21 04:13:58.506
41,17,7,7,5,4,3,3,2,2,2,1,1,1,1,1,1,0.0,0.0,0.0,2,1,2022-04-21 04:14:58.506
41,17,7,7,5,4,3,3,2,2,2,1,1,1,1,1,1,0.0,0.0,0.0,2,1,2022-04-21 04:15:58.506
41,17,7,7,5,4,3,3,2,2,2,1,1,1,1,1,1,0.0,0.0,0.0,2,1,2022-04-21 04:16:58.506
41,17,7,7,5,4,3,3,2,2,2,1,1,1,1,1,1,0.0,0.0,0.0,2,1,2022-04-21 04:17:58.506
41,17,7,7,5,4,3,3,2,2,2,1,1,1,1,1,1,0.0,0.0,0.0,2,1,2022-04-21 04:18:58.506
41,17,7,7,5,4,3,3,2,2,2,1,1,1,1,1,1,0.0,0.0,0.0,2,1,2022-04-21 04:19:58.506
41,17,7,7,5,4,3,3,2,2,2,1,1,1,1,1,1,0.0,0.0,0.0,2,1,2022-04-21 04:20:58.506
41,17,7,7,5,4,3,3,2,2,2,1,1,1,1,1,1,0.0,0.0,0.0,2,1,2022-04-21 04:21:58.506
41,17,7,7,5,4,3,3,2,2,2,1,1,1,1,1,1,0.0,0.0,0.0,2,1,2022-04-21 04:22:58.506
41,17,7,7,5,4,3,3,2,2,2,1,1,1,1,1,1,0.0,0.0,0.0,2,1,2022-04-21 04:23:58.506
41,17,7,7,5,4,3,3,2,2,2,1,1,1,1,1,1,0.0,0.0,0.0,2,1,2022-04-21 04:24:58.506
41,17,7,7,5,4,3,3,2,2,2,1,1,1,1,1,1,0.0,0.0,0.0,2,1,2022-04-21 04:25:58.506
41,17,7,7,5,4,3,3,2,2,2,1,1,1,1,1,1,0.0,0.0,0.0,2,1,2022-04-21 04:26:58.506
41,17,7,7,5,4,3,3,2,2,2,1,1,1,1,1,1,0.0,0.0,0.0,2,1,2022-04-21 04:27:58.506
41,17,7,7,5,4,3,3,2,2,2,1,1,1,1,1,1,0.0,0.0,0.0,2,1,2022-04-21 04:28:58.506
41,17,7,7,5,4,3,3,2,2,2,1,1,1,1,1,1,0.0,0.0,0.0,2,1,2022-04-21 04:29:58.506
41,17,7,7,5,4,3,3,2,2,2,1,1,1,1,1,1,0.0,0.0,0.0,2,1,2022-04-21 04:30:58.506
41,17,7,7,5,4,3,3,2,2,2,1,1,1,1,1,1,0.0,0.0,0.0,2,1,2022-04-21 04:31:58.506
41,17,7,7,5,4,3,3,2,2,2,1,1,1,1,1,1,0.0,0.0,0.0,2,1,2022-04-21 04:32:58.506
41,17,7,7,5,4,3,3,2,2,2,1,1,1,1,1,1,0.0,0.0,0.0,2,1,2022-04-21 04:33:58.506
41,17,7,7,5,4,3,3,2,2,2,1,1,1,1,1,1,0.0,0.0,0.0,2,1,2022-04-21 04:34:58.506
41,17,7,7,5,4,3,3,2,2,2,1,1,1,1,1,1,0.0,0.0,0.0,2,1,2022-04-21 04:35:58.506
41,17,7,7,5,4,3,3,2,2,2,1,1,1,1,1,1,0.0,0.0,0.0,2,1,2022-04-21 04:36:58.506
41,17,7,7,5,4,3,3,2,2,2,1,1,1,1,1,1,0.0,0.0,0.0,2,1,2022-04-21 04:37:58.506
41,17,7,7,5,4,3,3,2,2,2,1,1,1,1,1,1,0.0,0.0,0.0,2,1,2022-04-21 04:38:58.506
41,17,7,7,5,4,3,3,2,2,2,1,1,1,1,1,1,0.0,0.0,0.0,2,1,2022-04-21 04:39:58.506
41,17,7,7,5,4,3,3,2,2,2,1,1,1,1,1,1,0.0,0.0,0.0,2,1,2022-04-21 04:40:58.506
41,17,7,7,5,4,3,3,2,2,2,1,1,1,1,1,1,0.0,0.0,0.0,2,1,2022-04-21 04:41:58.506
41,17,7,7,5,4,3,3,2,2,2,1,1,1,1,1,1,0.0,0.0,0.0,2,1,2022-04-21 04:42:58.506
41,17,7,7,5,4,3,3,2,2,2,1,1,1,1,1,1,0.0,0.0,0.0,2,1,2022-04-21 04:43:58.506
41,17,7,7,5,4,3,3,2,2,2,1,1,1,1,1,1,0.0,0.0,0.0,2,1,2022-04-21 04:44:58.506
41,17,7,7,5,4,3,3,2,2,2,1,1,1,1,1,1,0.0,0.0,0.0,2,1,2022-04-21 04:45:58.506
41,17,7,7,5,4,3,3,2,2,2,1,1,1,1,1,1,0.0,0.0,0.0,2,1,2022-04-21 04:46:58.506
41,17,7,7,5,4,3,3,2,2,2,1,1,1,1,1,1,0.0,0.0,0.0,2,1,2022-04-21 04:47:58.506
41,17,7,7,5,4,3,3,2,2,2,1,1,1,1,1,1,0.0,0.0,0.0,2,1,2022-04-21 04:48:58.506
41,17,7,7,5,4,3,3,2,2,2,1,1,1,1,1,1,0.0,0.0,0.0,2,1,2022-04-21 04:49:58.506
41,17,7,7,5,4,3,3,2,2,2,1,1,1,1,1,1,0.0,0.0,0.0,2,1,2022-04-21 04:50:58.506
41,17,7,7,5,4,3,3,2,2,2,1,1,1,1,1,1,0.0,0.0,0.0,2,1,2022-04-21 04:51:58.506
41,17,7,7,5,4,3,3,2,2,2,1,1,1,1,1,1,0.0,0.0,0.0,2,1,2022-04-21 04:52:58.506
41,17,7,7,5,4,3,3,2,2,2,1,1,1,1,1,1,0.0,0.0,0.0,2,1,2022-04-21 04:53:58.506
41,17,7,7,5,4,3,3,2,2,2,1,1,1,1,1,1,0.0,0.0,0.0,2,1,2022-04-21 04:54:58.506
41,17,7,7,5,4,3,3,2,2,2,1,1,1,1,1,1,0.0,0.0,0.0,2,1,2022-04-21 04:55:58.506
41,17,7,7,5,4,3,3,2,2,2,1,1,1,1,1,1,0.0,0.0,0.0,2,1,2022-04-21 04:56:58.506
41,17,7,7,5,4,3,3,2,2,2,1,1,1,1,1,1,0.0,0.0,0.0,2,1,2022-04-21 04:57:58.506
41,17,7,7,5,4,3,3,2,2,2,1,1,1,1,1,1,0.0,0.0,0.0,2,1,2022-04-21 04:58:58.506
41,17,7,7,5,4,3,3,2,2,2,1,1,1,1,1,1,0.0,0.0,0.0,2,1,2022-04-21 04:59:58.506
41,17,7,7,5,4,3,3,2,2,2,1,1,1,1,1,1,0.0,0.0,0.0,2,1,2022-04-21 05:00:58.506
41,17,7,7,5,4,3,3,2,2,2,1,1,1,1,1,1,0.0,0.0,0.0,2,1,2022-04-21 05:01:58.506
41,17,7,7,5,4,3,3,2,2,2,1,1,1,1,1,1,0.0,0.0,0.0,2,1,2022-04-21 05:02:58.506
41,17,7,7,5,4,3,3,2,2,2,1,1,1,1,1,1,0.0,0.0,0.0,2,1,2022-04-21 05:03:58.506
41,17,7,7,5,4,3,3,2,2,2,1,1,1,1,1,1,0.0,0.0,0.0,2,1,2022-04-21 05:04:58.506
27,17,0,0,5,0,3,0,2,0,0,1,1,0,0,0,1,0.0,0.0,0.0,1,1,2022-04-21 07:33:47.107
41,17,7,7,5,4,3,3,2,2,2,1,1,1,1,1,1,0.0,0.0,0.0,2,1,2022-04-21 07:34:47.107
41,17,7,7,5,4,3,3,2,2,2,1,1,1,1,1,1,0.0,0.0,0.0,2,1,2022-04-21 07:35:47.107
41,17,7,7,5,4,3,3,2,2,2,1,1,1,1,1,1,0.0,0.0,0.0,2,1,2022-04-21 07:36:47.107
41,17,7,7,5,4,3,3,2,2,2,1,1,1,1,1,1,0.0,0.0,0.0,2,1,2022-04-21 07:37:47.107
41,17,7,7,5,4,3,3,2,2,2,1,1,1,1,1,1,0.0,0.0,0.0,2,1,2022-04-21 07:38:47.107
41,17,7,7,5,4,3,3,2,2,2,1,1,1,1,1,1,0.0,0.0,0.0,2,1,2022-04-21 07:39:47.107
41,17,7,7,5,4,3,3,2,2,2,1,1,1,1,1,1,0.0,0.0,0.0,2,1,2022-04-21 07:40:47.107
41,17,7,7,5,4,3,3,2,2,2,1,1,1,1,1,1,0.0,0.0,0.0,2,1,2022-04-21 07:41:47.107
41,17,7,7,5,4,3,3,2,2,2,1,1,1,1,1,1,0.0,0.0,0.0,2,1,2022-04-21 07:42:47.107
41,17,7,7,5,4,3,3,2,2,2,1,1,1,1,1,1,0.0,0.0,0.0,2,1,2022-04-21 07:43:47.107
41,17,7,7,5,4,3,3,2,2,2,1,1,1,1,1,1,0.0,0.0,0.0,2,1,2022-04-21 07:44:47.107
41,17,7,7,5,4,3,3,2,2,2,1,1,1,1,1,1,0.0,0.0,0.0,2,1,2022-04-21 07:45:47.107
41,17,7,7,5,4,3,3,2,2,2,1,1,1,1,1,1,0.0,0.0,0.0,2,1,2022-04-21 07:46:47.107
41,17,7,7,5,4,3,3,2,2,2,1,1,1,1,1,1,0.0,0.0,0.0,2,1,2022-04-21 07:47:47.107
41,17,7,7,5,4,3,3,2,2,2,1,1,1,1,1,1,0.0,0.0,0.0,2,1,2022-04-21 07:48:47.107
41,17,7,7,5,4,3,3,2,2,2,1,1,1,1,1,1,0.0,0.0,0.0,2,1,2022-04-21 07:49:47.107
41,17,7,7,5,4,3,3,2,2,2,1,1,1,1,1,1,0.0,0.0,0.0,2,1,2022-04-21 07:50:47.107
41,17,7,7,5,4,3,3,2,2,2,1,1,1,1,1,1,0.0,0.0,0.0,2,1,2022-04-21 07:51:47.107
41,17,7,7,5,4,3,3,2,2,2,1,1,1,1,1,1,0.0,0.0,0.0,2,1,2022-04-21 07:52:47.107
41,17,7,7,5,4,3,3,2,2,2,1,1,1,1,1,1,0.0,0.0,0.0,2,1,2022-04-21 07:53:47.107
41,17,7,7,5,4,3,3,2,2,2,1,1,1,1,1,1,0.0,0.0,0.0,2,1,2022-04-21 07:54:47.107
41,17,7,7,5,4,3,3,2,2,2,1,1,1,1,1,1,0.0,0.0,0.0,2,1,2022-04-21 07:55:47.107
41,17,7,7,5,4,3,3,2,2,2,1,1,1,1,1,1,0.0,0.0,0.0,2,1,2022-04-21 07:56:47.107
41,17,7,7,5,4,3,3,2,2,2,1,1,1,1,1,1,0.0,0.0,0.0,2,1,2022-04-21 07:57:47.107
41,17,7,7,5,4,3,3,2,2,2,1,1,1,1,1,1,0.0,0.0,0.0,2,1,2022-04-21 07:58:47.107
41,17,7,7,5,4,3,3,2,2,2,1,1,1,1,1,1,0.0,0.0,0.0,2,1,2022-04-21 07:59:47.107
41,17,7,7,5,4,3,3,2,2,2,1,1,1,1,1,1,0.0,0.0,0.0,2,1,2022-04-21 08:00:47.107
41,17,7,7,5,4,3,3,2,2,2,1,1,1,1,1,1,0.0,0.0,0.0,2,1,2022-04-21 08:01:47.107
41,17,7,7,5,4,3,3,2,2,2,1,1,1,1,1,1,0.0,0.0,0.0,2,1,2022-04-21 08:02:47.107
41,17,7,7,5,4,3,3,2,2,2,1,1,1,1,1,1,0.0,0.0,0.0,2,1,2022-04-21 08:03:47.107
41,17,7,7,5,4,3,3,2,2,2,1,1,1,1,1,1,0.0,0.0,0.0,2,1,2022-04-21 08:04:47.107
41,17,7,7,5,4,3,3,2,2,2,1,1,1,1,1,1,0.0,0.0,0.0,2,1,2022-04-21 08:05:47.107
41,17,7,7,5,4,3,3,2,2,2,1,1,1,1,1,1,0.0,0.0,0.0,2,1,2022-04-21 08:06:47.107
41,17,7,7,5,4,3,3,2,2,2,1,1,1,1,1,1,0.0,0.0,0.0,2,1,2022-04-21 08:07:47.107
41,17,7,7,5,4,3,3,2,2,2,1,1,1,1,1,1,0.0,0.0,0.0,2,1,2022-04-21 08:08:47.107
41,17,7,7,5,4,3,3,2,2,2,1,1,1,1,1,1,0.0,0.0,0.0,2,1,2022-04-21 08:09:47.107
41,17,7,7,5,4,3,3,2,2,2,1,1,1,1,1,1,0.0,0.0,0.0,2,1,2022-04-21 08:10:47.107
41,17,7,7,5,4,3,3,2,2,2,1,1,1,1,1,1,0.0,0.0,0.0,2,1,2022-04-21 08:11:47.107
41,17,7,7,5,4,3,3,2,2,2,1,1,1,1,1,1,0.0,0.0,0.0,2,1,2022-04-21 08:12:47.107
41,17,7,7,5,4,3,3,2,2,2,1,1,1,1,1,1,0.0,0.0,0.0,2,1,2022-04-21 08:13:47.107
41,17,7,7,5,4,3,3,2,2,2,1,1,1,1,1,1,0.0,0.0,0.0,2,1,2022-04-21 08:14:47.107
41,17,7,7,5,4,3,3,2,2,2,1,1,1,1,1,1,0.0,0.0,0.0,2,1,2022-04-21 08:15:47.107
41,17,7,7,5,4,3,3,2,2,2,1,1,1,1,1,1,0.0,0.0,0.0,2,1,2022-04-21 08:16:47.107
41,17,7,7,5,4,3,3,2,2,2,1,1,1,1,1,1,0.0,0.0,0.0,2,1,2022-04-21 08:17:47.107
41,17,7,7,5,4,3,3,2,2,2,1,1,1,1,1,1,0.0,0.0,0.0,2,1,2022-04-21 08:18:47.107
41,17,7,7,5,4,3,3,2,2,2,1,1,1,1,1,1,0.0,0.0,0.0,2,1,2022-04-21 08:19:47.107
41,17,7,7,5,4,3,3,2,2,2,1,1,1,1,1,1,0.0,0.0,0.0,2,1,2022-04-21 08:20:47.107
41,17,7,7,5,4,3,3,2,2,2,1,1,1,1,1,1,0.0,0.0,0.0,2,1,2022-04-21 08:21:47.107
41,17,7,7,5,4,3,3,2,2,2,1,1,1,1,1,1,0.0,0.0,0.0,2,1,2022-04-21 08:22:47.107
41,17,7,7,5,4,3,3,2,2,2,1,1,1,1,1,1,0.0,0.0,0.0,2,1,2022-04-21 08:23:47.107
41,17,7,7,5,4,3,3,2,2,2,1,1,1,1,1,1,0.0,0.0,0.0,2,1,2022-04-21 08:24:47.107
41,17,7,7,5,4,3,3,2,2,2,1,1,1,1,1,1,0.0,0.0,0.0,2,1,2022-04-21 08:25:47.107
41,17,7,7,5,4,3,3,2,2,2,1,1,1,1,1,1,0.0,0.0,0.0,2,1,2022-04-21 08:26:47.107
41,17,7,7,5,4,3,3,2,2,2,1,1,1,1,1,1,0.0,0.0,0.0,2,1,2022-04-21 08:27:47.107
41,17,7,7,5,4,3,3,2,2,2,1,1,1,1,1,1,0.0,0.0,0.0,2,1,2022-04-21 08:28:47.107
41,17,7,7,5,4,3,3,2,2,2,1,1,1,1,1,1,0.0,0.0,0.0,2,1,2022-04-21 08:29:47.107
41,17,7,7,5,4,3,3,2,2,2,1,1,1,1,1,1,0.0,0.0,0.0,2,1,2022-04-21 08:30:47.107
41,17,7,7,5,4,3,3,2,2,2,1,1,1,1,1,1,0.0,0.0,0.0,2,1,2022-04-21 08:31:47.107
41,17,7,7,5,4,3,3,2,2,2,1,1,1,1,1,1,0.0,0.0,0.0,2,1,2022-04-21 08:32:47.107
41,17,7,7,5,4,3,3,2,2,2,1,1,1,1,1,1,0.0,0.0,0.0,2,1,2022-04-21 08:33:47.107
41,17,7,7,5,4,3,3,2,2,2,1,1,1,1,1,1,0.0,0.0,0.0,2,1,2022-04-21 08:34:47.107
41,17,7,7,5,4,3,3,2,2,2,1,1,1,1,1,1,0.0,0.0,0.0,2,1,2022-04-21 08:35:47.107
41,17,7,7,5,4,3,3,2,2,2,1,1,1,1,1,1,0.0,0.0,0.0,2,1,2022-04-21 08:36:47.107
41,17,7,7,5,4,3,3,2,2,2,1,1,1,1,1,1,0.0,0.0,0.0,2,1,2022-04-21 08:37:47.107
41,17,7,7,5,4,3,3,2,2,2,1,1,1,1,1,1,0.0,0.0,0.0,2,1,2022-04-21 08:38:47.107
41,17,7,7,5,4,3,3,2,2,2,1,1,1,1,1,1,0.0,0.0,0.0,2,1,2022-04-21 08:39:47.107
41,17,7,7,5,4,3,3,2,2,2,1,1,1,1,1,1,0.0,0.0,0.0,2,1,2022-04-21 08:40:47.107
41,17,7,7,5,4,3,3,2,2,2,1,1,1,1,1,1,0.0,0.0,0.0,2,1,2022-04-21 08:41:47.107
41,17,7,7,5,4,3,3,2,2,2,1,1,1,1,1,1,0.0,0.0,0.0,2,1,2022-04-21 08:42:47.107
41,17,7,7,5,4,3,3,2,2,2,1,1,1,1,1,1,0.0,0.0,0.0,2,1,2022-04-21 08:43:47.107
41,17,7,7,5,4,3,3,2,2,2,1,1,1,1,1,1,0.0,0.0,0.0,2,1,2022-04-21 08:44:47.107
41,17,7,7,5,4,3,3,2,2,2,1,1,1,1,1,1,0.0,0.0,0.0,2,1,2022-04-21 08:45:47.107
41,17,7,7,5,4,3,3,2,2,2,1,1,1,1,1,1,0.0,0.0,0.0,2,1,2022-04-21 08:46:47.107
41,17,7,7,5,4,3,3,2,2,2,1,1,1,1,1,1,0.0,0.0,0.0,2,1,2022-04-21 08:47:47.107
41,17,7,7,5,4,3,3,2,2,2,1,1,1,1,1,1,0.0,0.0,0.0,2,1,2022-04-21 08:48:47.107
41,17,7,7,5,4,3,3,2,2,2,1,1,1,1,1,1,0.0,0.0,0.0,2,1,2022-04-21 08:49:47.107
41,17,7,7,5,4,3,3,2,2,2,1,1,1,1,1,1,0.0,0.0,0.0,2,1,2022-04-21 08:50:47.107
41,17,7,7,5,4,3,3,2,2,2,1,1,1,1,1,1,0.0,0.0,0.0,2,1,2022-04-21 08:51:47.107
41,17,7,7,5,4,3,3,2,2,2,1,1,1,1,1,1,0.0,0.0,0.0,2,1,2022-04-21 08:52:47.107
41,17,7,7,5,4,3,3,2,2,2,1,1,1,1,1,1,0.0,0.0,0.0,2,1,2022-04-21 08:53:47.107
41,17,7,7,5,4,3,3,2,2,2,1,1,1,1,1,1,0.0,0.0,0.0,2,1,2022-04-21 08:54:47.107
41,17,7,7,5,4,3,3,2,2,2,1,1,1,1,1,1,0.0,0.0,0.0,2,1,2022-04-21 08:55:47.107
41,17,7,7,5,4,3,3,2,2,2,1,1,1,1,1,1,0.0,0.0,0.0,2,1,2022-04-21 08:56:47.107
41,17,7,7,5,4,3,3,2,2,2,1,1,1,1,1,1,0.0,0.0,0.0,2,1,2022-04-21 08:57:47.107
41,17,7,7,5,4,3,3,2,2,2,1,1,1,1,1,1,0.0,0.0,0.0,2,1,2022-04-21 08:58:47.107
41,17,7,7,5,4,3,3,2,2,2,1,1,1,1,1,1,0.0,0.0,0.0,2,1,2022-04-21 08:59:47.107
41,17,7,7,5,4,3,3,2,2,2,1,1,1,1,1,1,0.0,0.0,0.0,2,1,2022-04-21 09:00:47.107
41,17,7,7,5,4,3,3,2,2,2,1,1,1,1,1,1,0.0,0.0,0.0,2,1,2022-04-21 09:01:47.107
41,17,7,7,5,4,3,3,2,2,2,1,1,1,1,1,1,0.0,0.0,0.0,2,1,2022-04-21 09:02:47.107
41,17,7,7,5,4,3,3,2,2,2,1,1,1,1,1,1,0.0,0.0,0.0,2,1,2022-04-21 09:03:47.107
41,17,7,7,5,4,3,3,2,2,2,1,1,1,1,1,1,0.0,0.0,0.0,2,1,2022-04-21 09:04:47.107
41,17,7,7,5,4,3,3,2,2,2,1,1,1,1,1,1,0.0,0.0,0.0,2,1,2022-04-21 09:05:47.107
41,17,7,7,5,4,3,3,2,2,2,1,1,1,1,1,1,0.0,0.0,0.0,2,1,2022-04-21 09:06:47.107
41,17,7,7,5,4,3,3,2,2,2,1,1,1,1,1,1,0.0,0.0,0.0,2,1,2022-04-21 09:07:47.107
41,17,7,7,5,4,3,3,2,2,2,1,1,1,1,1,1,0.0,0.0,0.0,2,1,2022-04-21 09:08:47.107
41,17,7,7,5,4,3,3,2,2,2,1,1,1,1,1,1,0.0,0.0,0.0,2,1,2022-04-21 09:09:47.107
41,17,7,7,5,4,3,3,2,2,2,1,1,1,1,1,1,0.0,0.0,0.0,2,1,2022-04-21 09:10:47.107
41,17,7,7,5,4,3,3,2,2,2,1,1,1,1,1,1,0.0,0.0,0.0,2,1,2022-04-21 09:11:47.107
41,17,7,7,5,4,3,3,2,2,2,1,1,1,1,1,1,0.0,0.0,0.0,2,1,2022-04-21 09:12:47.107
41,17,7,7,5,4,3,3,2,2,2,1,1,1,1,1,1,0.0,0.0,0.0,2,1,2022-04-21 09:13:47.107
41,17,7,7,5,4,3,3,2,2,2,1,1,1,1,1,1,0.0,0.0,0.0,2,1,2022-04-21 09:14:47.107
41,17,7,7,5,4,3,3,2,2,2,1,1,1,1,1,1,0.0,0.0,0.0,2,1,2022-04-21 09:15:47.107
41,17,7,7,5,4,3,3,2,2,2,1,1,1,1,1,1,0.0,0.0,0.0,2,1,2022-04-21 09:16:47.107
41,17,7,7,5,4,3,3,2,2,2,1,1,1,1,1,1,0.0,0.0,0.0,2,1,2022-04-21 09:17:47.107
41,17,7,7,5,4,3,3,2,2,2,1,1,1,1,1,1,0.0,0.0,0.0,2,1,2022-04-21 09:18:47.107
41,17,7,7,5,4,3,3,2,2,2,1,1,1,1,1,1,0.0,0.0,0.0,2,1,2022-04-21 09:19:47.107
41,17,7,7,5,4,3,3,2,2,2,1,1,1,1,1,1,0.0,0.0,0.0,2,1,2022-04-21 09:20:47.107
41,17,7,7,5,4,3,3,2,2,2,1,1,1,1,1,1,0.0,0.0,0.0,2,1,2022-04-21 09:21:47.107
41,17,7,7,5,4,3,3,2,2,2,1,1,1,1,1,1,0.0,0.0,0.0,2,1,2022-04-21 09:22:47.107
41,17,7,7,5,4,3,3,2,2,2,1,1,1,1,1,1,0.0,0.0,0.0,2,1,2022-04-21 09:23:47.107
41,17,7,7,5,4,3,3,2,2,2,1,1,1,1,1,1,0.0,0.0,0.0,2,1,2022-04-21 09:24:47.107
41,17,7,7,5,4,3,3,2,2,2,1,1,1,1,1,1,0.0,0.0,0.0,2,1,2022-04-21 09:25:47.107
41,17,7,7,5,4,3,3,2,2,2,1,1,1,1,1,1,0.0,0.0,0.0,2,1,2022-04-21 09:26:47.107
41,17,7,7,5,4,3,3,2,2,2,1,1,1,1,1,1,0.0,0.0,0.0,2,1,2022-04-21 09:27:47.107
41,17,7,7,5,4,3,3,2,2,2,1,1,1,1,1,1,0.0,0.0,0.0,2,1,2022-04-21 09:28:47.107
41,17,7,7,5,4,3,3,2,2,2,1,1,1,1,1,1,0.0,0.0,0.0,2,1,2022-04-21 09:29:47.107
41,17,7,7,5,4,3,3,2,2,2,1,1,1,1,1,1,0.0,0.0,0.0,2,1,2022-04-21 09:30:47.107
41,17,7,7,5,4,3,3,2,2,2,1,1,1,1,1,1,0.0,0.0,0.0,2,1,2022-04-21 09:31:47.107
41,17,7,7,5,4,3,3,2,2,2,1,1,1,1,1,1,0.0,0.0,0.0,2,1,2022-04-21 09:32:47.107
41,17,7,7,5,4,3,3,2,2,2,1,1,1,1,1,1,0.0,0.0,0.0,2,1,2022-04-21 09:33:47.107
41,17,7,7,5,4,3,3,2,2,2,1,1,1,1,1,1,0.0,0.0,0.0,2,1,2022-04-21 09:34:47.107
41,17,7,7,5,4,3,3,2,2,2,1,1,1,1,1,1,0.0,0.0,0.0,2,1,2022-04-21 09:35:47.107
41,17,7,7,5,4,3,3,2,2,2,1,1,1,1,1,1,0.0,0.0,0.0,2,1,2022-04-21 09:36:47.107
41,17,7,7,5,4,3,3,2,2,2,1,1,1,1,1,1,0.0,0.0,0.0,2,1,2022-04-21 09:37:47.107
41,17,7,7,5,4,3,3,2,2,2,1,1,1,1,1,1,0.0,0.0,0.0,2,1,2022-04-21 09:38:47.107
41,17,7,7,5,4,3,3,2,2,2,1,1,1,1,1,1,0.0,0.0,0.0,2,1,2022-04-21 09:39:47.107
41,17,7,7,5,4,3,3,2,2,2,1,1,1,1,1,1,0.0,0.0,0.0,2,1,2022-04-21 09:40:47.107
41,17,7,7,5,4,3,3,2,2,2,1,1,1,1,1,1,0.0,0.0,0.0,2,1,2022-04-21 09:41:47.107
41,17,7,7,5,4,3,3,2,2,2,1,1,1,1,1,1,0.0,0.0,0.0,2,1,2022-04-21 09:42:47.107
41,17,7,7,5,4,3,3,2,2,2,1,1,1,1,1,1,0.0,0.0,0.0,2,1,2022-04-21 09:43:47.107
41,17,7,7,5,4,3,3,2,2,2,1,1,1,1,1,1,0.0,0.0,0.0,2,1,2022-04-21 09:44:47.107
41,17,7,7,5,4,3,3,2,2,2,1,1,1,1,1,1,0.0,0.0,0.0,2,1,2022-04-21 09:45:47.107
